日付,④,⑤
2026/9/11,1.9,
2026/9/10,1.5,
2026/9/9,0.9,
2026/9/8,0.8,
2026/9/7,0.7,
2026/9/4,0.8,
2026/9/3,0.8,
2026/9/2,1.1,
2026/9/1,1.2,
2026/8/31,1.1,
2026/8/28,1.4,
2026/8/27,1.4,
2026/8/26,2.2,
2026/8/25,1.3,
2026/8/24,2.2,
2026/8/21,3.3,
2026/8/20,2.6,
2026/8/19,2.8,
2026/8/18,1.8,
2026/8/17,0.9,
2026/8/14,0.8,
2026/8/13,1.2,
2026/8/12,3,
2026/8/10,2.2,
2026/8/7,3,
2026/8/6,6.9,
2026/8/5,3.8,
2026/8/4,5.2,
2026/8/3,5.1,
2026/7/31,8.4,
2026/7/30,14.7,
2026/7/29,12.1,
2026/7/28,23.3,
2026/7/27,8.1,
2026/7/24,8.4,
2026/7/23,4.4,
2026/7/22,4,
2026/7/21,3.5,
2026/7/17,2.7,
2026/7/16,0.7,
2026/7/15,0.4,
2026/7/14,0.7,
2026/7/13,0.8,
2026/7/10,1.1,
2026/7/9,2.4,
2026/7/8,3.6,
2026/7/7,1,
2026/7/6,0.8,
2026/7/3,0.8,
2026/7/2,0.5,
2026/7/1,0.5,
2026/6/30,0.5,
2026/6/29,1,
2026/6/26,0.3,
2026/6/25,0.1,
2026/6/24,0.2,
2026/6/23,0.1,
2026/6/22,0.1,
2026/6/19,0.1,
2026/6/18,0.2,
2026/6/17,0.2,
2026/6/16,0.2,
2026/6/15,0.3,
2026/6/12,0.8,
2026/6/11,1.2,
2026/6/10,0.4,
2026/6/9,0.2,
2026/6/8,0.6,
2026/6/5,0.2,
2026/6/4,0.1,
2026/6/3,0.1,
2026/6/2,0.3,
2026/6/1,0.1,
2026/5/29,0.1,
2026/5/28,0.1,
2026/5/27,0.3,
2026/5/26,0.2,
2026/5/25,0.2,
2026/5/22,0.1,
2026/5/21,0.2,
2026/5/20,0.3,
2026/5/19,0.2,
2026/5/18,0.1,
2026/5/15,0.1,
2026/5/14,0,
2026/5/13,0,
2026/5/12,0.1,
2026/5/11,0,
2026/5/8,0,
2026/5/7,0,
2026/5/1,0.2,
2026/4/30,0.2,
2026/4/28,0.1,
2026/4/27,0.1,
2026/4/24,0.1,
2026/4/23,0.2,
2026/4/22,0.1,
2026/4/21,0.1,
2026/4/20,0.2,
2026/4/17,0.2,
2026/4/16,0.2,
2026/4/15,0.2,
2026/4/14,0.1,
2026/4/13,0.6,
2026/4/10,0.4,
2026/4/9,0.4,
2026/4/8,0.6,
2026/4/7,5.6,
2026/4/6,4.2,
2026/4/3,3.7,
2026/4/2,11.4,
2026/4/1,2,
2026/3/31,12.5,
2026/3/30,14.1,
2026/3/27,3.1,
2026/3/26,5.5,
2026/3/25,3.2,
2026/3/24,4.7,
2026/3/23,9.8,
2026/3/19,3.3,
2026/3/18,1,
2026/3/17,1,
2026/3/16,1,
2026/3/13,1.7,
2026/3/12,1.6,
2026/3/11,0.6,
2026/3/10,0.6,
2026/3/9,3.2,
2026/3/6,0.7,
2026/3/5,0.4,
2026/3/4,1.6,
2026/3/3,0.4,
2026/3/2,0.3,
2026/2/27,0.1,
2026/2/26,0.1,
2026/2/25,0.2,
2026/2/24,0.3,
2026/2/20,0.3,
2026/2/19,0.3,
2026/2/18,0.3,
2026/2/17,0.2,
2026/2/16,0.2,
2026/2/13,0.2,
2026/2/12,0.2,
2026/2/10,0.3,
2026/2/9,0.3,
2026/2/6,0.8,
2026/2/5,1,
2026/2/4,0.7,
2026/2/3,0.8,
2026/2/2,1.3,
2026/1/30,1,
2026/1/29,0.5,
2026/1/28,0.3,
2026/1/27,0.4,
2026/1/26,0.4,
2026/1/23,0.3,
2026/1/22,0.4,
2026/1/21,0.7,
2026/1/20,0.6,
2026/1/19,0.4,
2026/1/16,0.4,
2026/1/15,0.4,
2026/1/14,0.4,
2026/1/13,0.4,
2026/1/9,0.6,
2026/1/8,0.7,
2026/1/7,0.7,
2026/1/6,0.6,
2026/1/5,0.6,
2025/12/30,0.7,
2025/12/29,0.6,
2025/12/26,0.9,
2025/12/25,0.6,
2025/12/24,0.7,
2025/12/23,1.2,
2025/12/22,1.3,
2025/12/19,2.3,
2025/12/18,2.8,
2025/12/17,2.2,
2025/12/16,2.1,
2025/12/15,1.2,
2025/12/12,1.2,
2025/12/11,1.3,
2025/12/10,1.5,
2025/12/9,2.1,
2025/12/8,1.8,
2025/12/5,1.7,
2025/12/4,1,
2025/12/3,1.7,
2025/12/2,1.3,
2025/12/1,1.4,
2025/11/28,1,
2025/11/27,1,
2025/11/26,1.3,
2025/11/25,1.4,
2025/11/21,1.2,
2025/11/20,0.6,
2025/11/19,1,
2025/11/18,1.2,
2025/11/17,0.7,
2025/11/14,0.6,
2025/11/13,0.4,
2025/11/12,0.5,
2025/11/11,0.3,
2025/11/10,0.3,
2025/11/7,0.3,
2025/11/6,0.2,
2025/11/5,0.4,
2025/11/4,0.2,
2025/10/31,0.2,
2025/10/30,0.2,
2025/10/29,0.2,
2025/10/28,0.2,
2025/10/27,0.2,
2025/10/24,0.2,
2025/10/23,0.3,
2025/10/22,0.3,
2025/10/21,0.3,
2025/10/20,0.2,
2025/10/17,0.5,
2025/10/16,0.3,
2025/10/15,0.3,
2025/10/14,0.4,
2025/10/10,0.2,
2025/10/9,0.1,
2025/10/8,0.2,
2025/10/7,0.2,
2025/10/6,0.2,
2025/10/3,0.3,
2025/10/2,0.4,
2025/10/1,0.6,
2025/9/30,0.4,
2025/9/29,0.4,
2025/9/26,0.4,
2025/9/25,0.4,
2025/9/24,0.5,
2025/9/22,0.5,
2025/9/19,0.4,
2025/9/18,0.4,
2025/9/17,0.4,
2025/9/16,0.3,
2025/9/12,0.2,
2025/9/11,0.2,
2025/9/10,0.3,
2025/9/9,0.3,
2025/9/8,0.4,
2025/9/5,0.5,
2025/9/4,0.5,
2025/9/3,0.6,
2025/9/2,0.6,
2025/9/1,0.8,
2025/8/29,0.7,
2025/8/28,0.5,
2025/8/27,0.3,
2025/8/26,0.4,
2025/8/25,0.3,
2025/8/22,0.3,
2025/8/21,0.3,
2025/8/20,0.3,
2025/8/19,0.2,
2025/8/18,0.2,
2025/8/15,0.2,
2025/8/14,0.3,
2025/8/13,0.2,
2025/8/12,0.3,
2025/8/8,0.4,
2025/8/7,0.5,
2025/8/6,0.6,
2025/8/5,0.8,
2025/8/4,0.8,
2025/8/1,0.5,
2025/7/31,0.4,
2025/7/30,0.4,
2025/7/29,0.3,
2025/7/28,0.3,
2025/7/25,0.3,
2025/7/24,0.3,
2025/7/23,0.3,
2025/7/22,0.5,
2025/7/18,0.4,
2025/7/17,0.4,
2025/7/16,0.5,
2025/7/15,0.5,
2025/7/14,0.5,
2025/7/11,0.4,
2025/7/10,0.4,
2025/7/9,0.4,
2025/7/8,0.5,
2025/7/7,0.4,
2025/7/4,0.4,
2025/7/3,0.5,
2025/7/2,0.4,
2025/7/1,0.3,
2025/6/30,0.2,
2025/6/27,0.2,
2025/6/26,0.2,
2025/6/25,0.3,
2025/6/24,0.4,
2025/6/23,0.5,
2025/6/20,0.5,
2025/6/19,0.7,
2025/6/18,0.6,
2025/6/17,0.8,
2025/6/16,0.7,
2025/6/13,0.8,
2025/6/12,0.4,
2025/6/11,0.4,
2025/6/10,0.4,
2025/6/9,0.4,
2025/6/6,0.3,
2025/6/5,0.3,
2025/6/4,0.3,
2025/6/3,0.2,
2025/6/2,0.2,
2025/5/30,0.1,
2025/5/29,0.1,
2025/5/28,0.2,
2025/5/27,0.2,
2025/5/26,0.1,
2025/5/23,0.2,
2025/5/22,0.2,
2025/5/21,0.1,
2025/5/20,0.2,
2025/5/19,0,
2025/5/16,0.1,
2025/5/15,0,
2025/5/14,0.1,
2025/5/13,0.1,
2025/5/12,0.2,
2025/5/9,0.2,
2025/5/8,0.3,
2025/5/7,0.7,
2025/5/2,1.2,
2025/5/1,1.6,
2025/4/30,2.6,
2025/4/28,3.1,
2025/4/25,3.3,
2025/4/24,5.5,
2025/4/23,5.6,
2025/4/22,7.3,
2025/4/21,5.8,
2025/4/18,2.9,
2025/4/17,2.9,
2025/4/16,4.8,
2025/4/15,3.4,
2025/4/14,5.9,
2025/4/11,11.6,
2025/4/10,6.5,
2025/4/9,38.7,
2025/4/8,18.5,
2025/4/7,22.2,
2025/4/4,12.5,
2025/4/3,7.6,
2025/4/2,3.9,
2025/4/1,4.6,
2025/3/31,5.4,
2025/3/28,3.2,
2025/3/27,2.5,
2025/3/26,2.3,
2025/3/25,2.5,
2025/3/24,3.1,
2025/3/21,2.4,
2025/3/19,2.2,
2025/3/18,2.1,
2025/3/17,2.7,
2025/3/14,2.6,
2025/3/13,2.7,
2025/3/12,2.4,
2025/3/11,3.7,
2025/3/10,4.7,
2025/3/7,4.6,
2025/3/6,2.2,
2025/3/5,3.1,
2025/3/4,3.3,
2025/3/3,2.7,
2025/2/28,4.2,
2025/2/27,1.8,
2025/2/26,1.7,
2025/2/25,1.5,
2025/2/21,1.5,
2025/2/20,1.4,
2025/2/19,1.3,
2025/2/18,1.7,
2025/2/17,1.8,
2025/2/14,2.4,
2025/2/13,2.2,
2025/2/12,1.7,
2025/2/10,2.4,
2025/2/7,2.7,
2025/2/6,1.8,
2025/2/5,1.6,
2025/2/4,1.6,
2025/2/3,1.6,
2025/1/31,1.2,
2025/1/30,1.4,
2025/1/29,1.5,
2025/1/28,1.6,
2025/1/27,1.4,
2025/1/24,1.3,
2025/1/23,1.6,
2025/1/22,1.4,
2025/1/21,1.8,
2025/1/20,1.7,
2025/1/17,1.9,
2025/1/16,2.2,
2025/1/15,2,
2025/1/14,1.9,
2025/1/10,1.4,
2025/1/9,0.7,
2025/1/8,0.8,
2025/1/7,0.9,
2025/1/6,1.2,
2024/12/30,0.8,
2024/12/27,0.6,
2024/12/26,0.8,
2024/12/25,1.3,
2024/12/24,1.4,
2024/12/23,1.1,
2024/12/20,1.6,
2024/12/19,1.2,
2024/12/18,1.5,
2024/12/17,1.9,
2024/12/16,1.7,
2024/12/13,1.8,
2024/12/12,1.5,
2024/12/11,1.9,
2024/12/10,1,
2024/12/9,1.1,
2024/12/6,1.6,
2024/12/5,1.5,
2024/12/4,1.4,
2024/12/3,1.3,
2024/12/2,1.4,
2024/11/29,1.8,
2024/11/28,1.3,
2024/11/27,1.7,
2024/11/26,2.1,
2024/11/25,1.7,
2024/11/22,1.8,
2024/11/21,2.1,
2024/11/20,3,
2024/11/19,2.4,
2024/11/18,2.5,
2024/11/15,2.3,
2024/11/14,2.3,
2024/11/13,2.7,
2024/11/12,1.5,
2024/11/11,1.2,
2024/11/8,0.8,
2024/11/7,1.5,
2024/11/6,0.8,
2024/11/5,2.3,
2024/11/1,1.7,
2024/10/31,0.7,
2024/10/30,0.7,
2024/10/29,0.7,
2024/10/28,0.6,
2024/10/25,0.5,
2024/10/24,0.5,
2024/10/23,0.6,
2024/10/22,0.6,
2024/10/21,0.3,
2024/10/18,0.4,
2024/10/17,0.4,
2024/10/16,0.4,
2024/10/15,0.3,
2024/10/11,0.4,
2024/10/10,0.9,
2024/10/9,1,
2024/10/8,1.2,
2024/10/7,0.8,
2024/10/4,0.9,
2024/10/3,0.8,
2024/10/2,1.1,
2024/10/1,1.1,
2024/9/30,1.1,
2024/9/27,0.6,
2024/9/26,0.9,
2024/9/25,1.1,
2024/9/24,1.4,
2024/9/20,0.8,
2024/9/19,0.9,
2024/9/18,1.3,
2024/9/17,0.9,
2024/9/13,0.8,
2024/9/12,0.9,
2024/9/11,1.2,
2024/9/10,0.2,
2024/9/9,1.8,
2024/9/6,2,
2024/9/5,2.3,
2024/9/4,1.4,
2024/9/3,0.9,
2024/9/2,0.6,
2024/8/30,0.7,
2024/8/29,1.2,
2024/8/28,1.3,
2024/8/27,1.2,
2024/8/26,1.6,
2024/8/23,1.6,
2024/8/22,3.3,
2024/8/21,2.9,
2024/8/20,2.4,
2024/8/19,3.4,
2024/8/16,3.5,
2024/8/15,3.6,
2024/8/14,3.4,
2024/8/13,5.4,
2024/8/9,24.5,
2024/8/8,26.4,
2024/8/7,18,
2024/8/6,32.7,
2024/8/5,97.9,
2024/8/2,4.4,
2024/8/1,1.6,
2024/7/31,1,
2024/7/30,1.1,
2024/7/29,1.1,
2024/7/26,1.3,
2024/7/25,1.2,
2024/7/24,0.9,
2024/7/23,0.7,
2024/7/22,0.9,
2024/7/19,0.6,
2024/7/18,0.7,
2024/7/17,0.6,
2024/7/16,0.5,
2024/7/12,0.5,
2024/7/11,0.3,
2024/7/10,0.4,
2024/7/9,0.5,
2024/7/8,0.6,
2024/7/5,0.5,
2024/7/4,0.4,
2024/7/3,0.6,
2024/7/2,0.9,
2024/7/1,1,
2024/6/28,0.9,
2024/6/27,1.2,
2024/6/26,0.8,
2024/6/25,1.2,
2024/6/24,1.4,
2024/6/21,1.4,
2024/6/20,1.4,
2024/6/19,1.2,
2024/6/18,1.2,
2024/6/17,1.3,
2024/6/14,1.1,
2024/6/13,1.1,
2024/6/12,1.2,
2024/6/11,1.6,
2024/6/10,1.2,
2024/6/7,1.5,
2024/6/6,1.7,
2024/6/5,1.5,
2024/6/4,1.2,
2024/6/3,1.6,
2024/5/31,1.4,
2024/5/30,1.6,
2024/5/29,1.1,
2024/5/28,1.7,
2024/5/27,1.4,
2024/5/24,2.1,
2024/5/23,2.4,
2024/5/22,2.9,
2024/5/21,2.3,
2024/5/20,2.2,
2024/5/17,2.9,
2024/5/16,2,
2024/5/15,2.3,
2024/5/14,3.4,
2024/5/13,2.9,
2024/5/10,3.4,
2024/5/9,3.5,
2024/5/8,4.1,
2024/5/7,3,
2024/5/2,4.8,
2024/5/1,3.7,
2024/4/30,3.5,
2024/4/26,5.6,
2024/4/25,6.3,
2024/4/24,3.1,
2024/4/23,4.2,
2024/4/22,2.8,
2024/4/19,3.7,
2024/4/18,2.3,
2024/4/17,2.5,
2024/4/16,2.1,
2024/4/15,2.4,
2024/4/12,2.1,
2024/4/11,2.6,
2024/4/10,2.4,
2024/4/9,2.3,
2024/4/8,2.4,
2024/4/5,1.9,
2024/4/4,1.5,
2024/4/3,1.7,
2024/4/2,1.6,
2024/4/1,1.5,
2024/3/29,0.9,
2024/3/28,1,
2024/3/27,0.8,
2024/3/26,1,
2024/3/25,0.9,
2024/3/22,0.6,
2024/3/21,0.7,
2024/3/19,0.5,
2024/3/18,0.5,
2024/3/15,0.6,
2024/3/14,0.5,
2024/3/13,0.6,
2024/3/12,0.5,
2024/3/11,0.5,
2024/3/8,0.4,
2024/3/7,0.4,
2024/3/6,0.3,
2024/3/5,0.3,
2024/3/4,0.4,
2024/3/1,0.4,
2024/2/29,0.6,
2024/2/28,0.7,
2024/2/27,0.5,
2024/2/26,0.4,
2024/2/22,0.4,
2024/2/21,0.6,
2024/2/20,0.7,
2024/2/19,0.6,
2024/2/16,0.4,
2024/2/15,0.4,
2024/2/14,0.3,
2024/2/13,0.2,
2024/2/9,0.3,
2024/2/8,0.3,
2024/2/7,0.5,
2024/2/6,0.5,
2024/2/5,0.4,
2024/2/2,0.4,
2024/2/1,0.4,
2024/1/31,0.4,
2024/1/30,0.5,
2024/1/29,0.4,
2024/1/26,0.3,
2024/1/25,0.3,
2024/1/24,0.3,
2024/1/23,0.2,
2024/1/22,0.2,
2024/1/19,0.3,
2024/1/18,0.3,
2024/1/17,0.4,
2024/1/16,0.5,
2024/1/15,0.3,
2024/1/12,0.4,
2024/1/11,0.6,
2024/1/10,0.8,
2024/1/9,1.1,
2024/1/5,1.5,
2024/1/4,1.5,
2023/12/29,1.9,
2023/12/28,1.6,
2023/12/27,1.5,
2023/12/26,1.8,
2023/12/25,2.1,
2023/12/22,1.9,
2023/12/21,2,
2023/12/20,1.1,
2023/12/19,1.2,
2023/12/18,1.4,
2023/12/15,1.5,
2023/12/14,1.2,
2023/12/13,1.3,
2023/12/12,1.6,
2023/12/11,1.1,
2023/12/8,1.1,
2023/12/7,0.7,
2023/12/6,0.5,
2023/12/5,0.9,
2023/12/4,0.6,
2023/12/1,0.8,
2023/11/30,0.6,
2023/11/29,0.6,
2023/11/28,0.8,
2023/11/27,0.8,
2023/11/24,1,
2023/11/22,1,
2023/11/21,0.8,
2023/11/20,1.1,
2023/11/17,1,
2023/11/16,0.8,
2023/11/15,0.7,
2023/11/14,0.7,
2023/11/13,0.7,
2023/11/10,0.5,
2023/11/9,0.9,
2023/11/8,1.1,
2023/11/7,1.1,
2023/11/6,0.8,
2023/11/2,1.6,
2023/11/1,1.9,
2023/10/31,3.5,
2023/10/30,3.2,
2023/10/27,2.8,
2023/10/26,4.4,
2023/10/25,3.4,
2023/10/24,4.6,
2023/10/23,3.8,
2023/10/20,2.6,
2023/10/19,2.3,
2023/10/18,1.3,
2023/10/17,1.4,
2023/10/16,2.5,
2023/10/13,1.8,
2023/10/12,1.6,
2023/10/11,2.1,
2023/10/10,2.3,
2023/10/6,3.6,
2023/10/5,3.4,
2023/10/4,4.2,
2023/10/3,3.1,
2023/10/2,1.9,
2023/9/29,2.6,
2023/9/28,2.1,
2023/9/27,1.4,
2023/9/26,1.2,
2023/9/25,1,
2023/9/22,1.3,
2023/9/21,1.3,
2023/9/20,1.3,
2023/9/19,1.1,
2023/9/15,1.3,
2023/9/14,1.3,
2023/9/13,1.9,
2023/9/12,1.6,
2023/9/11,1.8,
2023/9/8,1.7,
2023/9/7,1.7,
2023/9/6,2.2,
2023/9/5,2,
2023/9/4,1.8,
2023/9/1,2.2,
2023/8/31,2,
2023/8/30,2.3,
2023/8/29,2.6,
2023/8/28,2.1,
2023/8/25,3.2,
2023/8/24,2.8,
2023/8/23,2.7,
2023/8/22,3.2,
2023/8/21,3.6,
2023/8/18,3.1,
2023/8/17,3.3,
2023/8/16,2.9,
2023/8/15,2.4,
2023/8/14,2.9,
2023/8/10,3,
2023/8/9,3.4,
2023/8/8,3.7,
2023/8/7,3,
2023/8/4,3.1,
2023/8/3,3.1,
2023/8/2,1.9,
2023/8/1,1.6,
2023/7/31,2,
2023/7/28,2.9,
2023/7/27,3,
2023/7/26,3.1,
2023/7/25,3,
2023/7/24,3.4,
2023/7/21,3.7,
2023/7/20,3.6,
2023/7/19,2.4,
2023/7/18,2.1,
2023/7/14,2,
2023/7/13,1.5,
2023/7/12,2.2,
2023/7/11,2.7,
2023/7/10,2.2,
2023/7/7,1.5,
2023/7/6,1,
2023/7/5,0.7,
2023/7/4,0.8,
2023/7/3,0.7,
2023/6/30,0.8,
2023/6/29,0.7,
2023/6/28,0.6,
2023/6/27,0.9,
2023/6/26,0.9,
2023/6/23,0.7,
2023/6/22,0.6,
2023/6/21,0.4,
2023/6/20,0.3,
2023/6/19,0.3,
2023/6/16,0.2,
2023/6/15,0.2,
2023/6/14,0.2,
2023/6/13,0.2,
2023/6/12,0.2,
2023/6/9,0.3,
2023/6/8,0.4,
2023/6/7,0.3,
2023/6/6,0.2,
2023/6/5,0.2,
2023/6/2,0.3,
2023/6/1,0.4,
2023/5/31,0.4,
2023/5/30,0.4,
2023/5/29,0.4,
2023/5/26,0.5,
2023/5/25,0.5,
2023/5/24,0.5,
2023/5/23,0.4,
2023/5/22,0.4,
2023/5/19,0.4,
2023/5/18,0.3,
2023/5/17,0.4,
2023/5/16,0.5,
2023/5/15,0.7,
2023/5/12,1.1,
2023/5/11,1.1,
2023/5/10,1,
2023/5/9,0.8,
2023/5/8,1,
2023/5/2,0.8,
2023/5/1,0.8,
2023/4/28,1,
2023/4/27,1.1,
2023/4/26,1.2,
2023/4/25,0.8,
2023/4/24,1.2,
2023/4/21,0.9,
2023/4/20,1,
2023/4/19,1,
2023/4/18,1.5,
2023/4/17,1.7,
2023/4/14,1.9,
2023/4/13,2,
2023/4/12,1.9,
2023/4/11,1.9,
2023/4/10,1.8,
2023/4/7,1.5,
2023/4/6,1.5,
2023/4/5,1.2,
2023/4/4,1,
2023/4/3,1.1,
2023/3/31,0.9,
2023/3/30,1.4,
2023/3/29,1.2,
2023/3/28,1.3,
2023/3/27,1.3,
2023/3/24,1.2,
2023/3/23,1.3,
2023/3/22,1.1,
2023/3/20,1.6,
2023/3/17,1.3,
2023/3/16,1.4,
2023/3/15,1.5,
2023/3/14,1.4,
2023/3/13,1.2,
2023/3/10,1,
2023/3/9,0.8,
2023/3/8,0.9,
2023/3/7,1,
2023/3/6,1,
2023/3/3,1.2,
2023/3/2,1.6,
2023/3/1,1.5,
2023/2/28,1.2,
2023/2/27,1,
2023/2/24,0.9,
2023/2/22,1.4,
2023/2/21,0.8,
2023/2/20,0.7,
2023/2/17,0.9,
2023/2/16,1,
2023/2/15,1.1,
2023/2/14,0.8,
2023/2/13,0.8,
2023/2/10,0.6,
2023/2/9,0.6,
2023/2/8,0.8,
2023/2/7,0.8,
2023/2/6,0.9,
2023/2/3,1,
2023/2/2,1,
2023/2/1,0.9,
2023/1/31,1.2,
2023/1/30,1,
2023/1/27,1.2,
2023/1/26,1.9,
2023/1/25,1.9,
2023/1/24,2.5,
2023/1/23,2.9,
2023/1/20,3.2,
2023/1/19,3.6,
2023/1/18,3.1,
2023/1/17,3.1,
2023/1/16,4,
2023/1/13,4.2,
2023/1/12,3.9,
2023/1/11,3.2,
2023/1/10,5.1,
2023/1/6,4.6,
2023/1/5,5.1,
2023/1/4,5.3,
2022/12/30,5.3,
2022/12/29,5.3,
2022/12/28,4.1,
2022/12/27,3.5,
2022/12/26,3.6,
2022/12/23,4,
2022/12/22,3.9,
2022/12/21,3.9,
2022/12/20,3.3,
2022/12/19,3.4,
2022/12/16,2,
2022/12/15,2,
2022/12/14,2,
2022/12/13,1.6,
2022/12/12,1.5,
2022/12/9,1.9,
2022/12/8,2.2,
2022/12/7,2,
2022/12/6,1.2,
2022/12/5,1.8,
2022/12/2,1.8,
2022/12/1,1.4,
2022/11/30,1.3,
2022/11/29,1.3,
2022/11/28,1.3,
2022/11/25,1.4,
2022/11/24,1.2,
2022/11/22,1.2,
2022/11/21,1.6,
2022/11/18,1,
2022/11/17,1.1,
2022/11/16,1,
2022/11/15,1.5,
2022/11/14,1.5,
2022/11/11,1.1,
2022/11/10,1.5,
2022/11/9,0.9,
2022/11/8,0.8,
2022/11/7,1.3,
2022/11/4,1.2,
2022/11/2,1.2,
2022/11/1,1,
2022/10/31,1.6,
2022/10/28,1.8,
2022/10/27,2.1,
2022/10/26,1.7,
2022/10/25,2.2,
2022/10/24,2.5,
2022/10/21,4.2,
2022/10/20,3.5,
2022/10/19,2.4,
2022/10/18,2.3,
2022/10/17,2,
2022/10/14,2,
2022/10/13,3.6,
2022/10/12,3.1,
2022/10/11,3,
2022/10/7,2.8,
2022/10/6,2.6,
2022/10/5,2.3,
2022/10/4,3.9,
2022/10/3,5.5,
2022/9/30,6.3,
2022/9/29,4.5,
2022/9/28,5.9,
2022/9/27,5,
2022/9/26,5.2,
2022/9/22,4.7,
2022/9/21,3.4,
2022/9/20,3.1,
2022/9/16,3,
2022/9/15,1.7,
2022/9/14,2.1,
2022/9/13,1.8,
2022/9/12,1.6,
2022/9/9,1.7,
2022/9/8,1.5,
2022/9/7,2,
2022/9/6,2.5,
2022/9/5,1.7,
2022/9/2,1.9,
2022/9/1,1.9,
2022/8/31,1.6,
2022/8/30,1.5,
2022/8/29,1.9,
2022/8/26,1.4,
2022/8/25,1.4,
2022/8/24,1,
2022/8/23,0.9,
2022/8/22,0.7,
2022/8/19,0.6,
2022/8/18,0.6,
2022/8/17,0.6,
2022/8/16,0.6,
2022/8/15,0.6,
2022/8/12,0.6,
2022/8/10,1,
2022/8/9,0.7,
2022/8/8,0.6,
2022/8/5,0.8,
2022/8/4,1.2,
2022/8/3,1.4,
2022/8/2,1.3,
2022/8/1,1,
2022/7/29,0.9,
2022/7/28,0.9,
2022/7/27,1,
2022/7/26,0.8,
2022/7/25,0.9,
2022/7/22,1.1,
2022/7/21,1,
2022/7/20,1.3,
2022/7/19,2.3,
2022/7/15,3.8,
2022/7/14,4.2,
2022/7/13,4.1,
2022/7/12,3.5,
2022/7/11,2.9,
2022/7/8,3,
2022/7/7,2.4,
2022/7/6,2.9,
2022/7/5,2.4,
2022/7/4,3.1,
2022/7/1,2.4,
2022/6/30,1.8,
2022/6/29,1.7,
2022/6/28,1.7,
2022/6/27,2.1,
2022/6/24,2.1,
2022/6/23,2,
2022/6/22,3,
2022/6/21,2.3,
2022/6/20,2.6,
2022/6/17,2.4,
2022/6/16,1.4,
2022/6/15,2.2,
2022/6/14,1.7,
2022/6/13,1.8,
2022/6/10,2,
2022/6/9,1.3,
2022/6/8,1.4,
2022/6/7,1.1,
2022/6/6,1.4,
2022/6/3,1.3,
2022/6/2,2.2,
2022/6/1,2.3,
2022/5/31,2,
2022/5/30,1.6,
2022/5/27,1.9,
2022/5/26,2.4,
2022/5/25,2.1,
2022/5/24,1.6,
2022/5/23,1.2,
2022/5/20,2,
2022/5/19,2.3,
2022/5/18,1.8,
2022/5/17,2.8,
2022/5/16,3,
2022/5/13,3.2,
2022/5/12,5,
2022/5/11,3.6,
2022/5/10,4,
2022/5/9,4.1,
2022/5/6,2.8,
2022/5/2,3.8,
2022/4/28,3.9,
2022/4/27,4.5,
2022/4/26,2.5,
2022/4/25,2,
2022/4/22,1.7,
2022/4/21,0.9,
2022/4/20,0.8,
2022/4/19,0.9,
2022/4/18,0.9,
2022/4/15,1.2,
2022/4/14,0.6,
2022/4/13,0.8,
2022/4/12,1.3,
2022/4/11,1.6,
2022/4/8,2,
2022/4/7,1.6,
2022/4/6,1.9,
2022/4/5,1.3,
2022/4/4,1.3,
2022/4/1,0.9,
2022/3/31,1.2,
2022/3/30,1.3,
2022/3/29,1.2,
2022/3/28,1.3,
2022/3/25,1.4,
2022/3/24,1,
2022/3/23,1.3,
2022/3/22,2.6,
2022/3/18,2.4,
2022/3/17,2.3,
2022/3/16,4.2,
2022/3/15,6.9,
2022/3/14,6.5,
2022/3/11,8.4,
2022/3/10,4.2,
2022/3/9,8,
2022/3/8,5.9,
2022/3/7,2.8,
2022/3/4,3.4,
2022/3/3,2.6,
2022/3/2,3.5,
2022/3/1,2.5,
2022/2/28,3.3,
2022/2/25,2.7,
2022/2/24,5.2,
2022/2/22,3.7,
2022/2/21,2.7,
2022/2/18,3.1,
2022/2/17,2.9,
2022/2/16,2.1,
2022/2/15,3.3,
2022/2/14,2.8,
2022/2/10,4,
2022/2/9,3.5,
2022/2/8,3.3,
2022/2/7,3.7,
2022/2/4,3.4,
2022/2/3,3.3,
2022/2/2,3,
2022/2/1,3.8,
2022/1/31,3.9,
2022/1/28,4.9,
2022/1/27,4.9,
2022/1/26,4.2,
2022/1/25,5.6,
2022/1/24,3.2,
2022/1/21,3,
2022/1/20,2.8,
2022/1/19,3.1,
2022/1/18,2.2,
2022/1/17,2.3,
2022/1/14,2,
2022/1/13,1.8,
2022/1/12,1.8,
2022/1/11,1.7,
2022/1/7,1.8,
2022/1/6,1.5,
2022/1/5,1.6,
2022/1/4,2,
2021/12/30,3.7,
2021/12/29,2.7,
2021/12/28,3.3,
2021/12/27,3.6,
2021/12/24,3.3,
2021/12/23,3.4,
2021/12/22,3.6,
2021/12/21,4.1,
2021/12/20,5.4,
2021/12/17,3.1,
2021/12/16,2.6,
2021/12/15,3.5,
2021/12/14,3.7,
2021/12/13,3.8,
2021/12/10,4.3,
2021/12/9,3.2,
2021/12/8,3.3,
2021/12/7,2.3,
2021/12/6,2.8,
2021/12/3,3.4,
2021/12/2,3.5,
2021/12/1,2.6,
2021/11/30,2.9,
2021/11/29,2.2,
2021/11/26,2.9,
2021/11/25,2.2,
2021/11/24,2.1,
2021/11/22,2,
2021/11/19,1.5,
2021/11/18,1.3,
2021/11/17,1.4,
2021/11/16,1.6,
2021/11/15,1.2,
2021/11/12,1.1,
2021/11/11,1.2,
2021/11/10,1.6,
2021/11/9,2,
2021/11/8,2,
2021/11/5,2.6,
2021/11/4,2.5,
2021/11/2,3.8,
2021/11/1,3.5,
2021/10/29,4.6,
2021/10/28,3.5,
2021/10/27,4,
2021/10/26,5.2,
2021/10/25,4.9,
2021/10/22,5.2,
2021/10/21,5.6,
2021/10/20,4.3,
2021/10/19,4.4,
2021/10/18,3.8,
2021/10/15,4.3,
2021/10/14,4.4,
2021/10/13,4.5,
2021/10/12,3.2,
2021/10/11,2.2,
2021/10/8,2.4,
2021/10/7,2.2,
2021/10/6,1.9,
2021/10/5,1.6,
2021/10/4,1.4,
2021/10/1,1.2,
2021/9/30,1,
2021/9/29,0.8,
2021/9/28,0.5,
2021/9/27,0.6,
2021/9/24,0.7,
2021/9/22,0.7,
2021/9/21,0.7,
2021/9/17,0.8,
2021/9/16,0.8,
2021/9/15,0.8,
2021/9/14,0.6,
2021/9/13,0.7,
2021/9/10,0.7,
2021/9/9,0.7,
2021/9/8,0.7,
2021/9/7,0.9,
2021/9/6,0.8,
2021/9/3,1.4,
2021/9/2,1.6,
2021/9/1,2.4,
2021/8/31,2.4,
2021/8/30,2.3,
2021/8/27,2.3,
2021/8/26,2.5,
2021/8/25,2.9,
2021/8/24,3,
2021/8/23,3.8,
2021/8/20,4.2,
2021/8/19,3.4,
2021/8/18,2.4,
2021/8/17,2.9,
2021/8/16,3.1,
2021/8/13,2.9,
2021/8/12,2.4,
2021/8/11,2.5,
2021/8/10,2.8,
2021/8/6,3.1,
2021/8/5,3.2,
2021/8/4,3.8,
2021/8/3,3.6,
2021/8/2,3.1,
2021/7/30,3.9,
2021/7/29,3.5,
2021/7/28,2.4,
2021/7/27,4.3,
2021/7/26,3.4,
2021/7/21,4.3,
2021/7/20,4.8,
2021/7/19,3.7,
2021/7/16,3.1,
2021/7/15,2.9,
2021/7/14,2.9,
2021/7/13,2.9,
2021/7/12,3.1,
2021/7/9,3.9,
2021/7/8,3.9,
2021/7/7,3.5,
2021/7/6,3.1,
2021/7/5,3.3,
2021/7/2,3.2,
2021/7/1,2.4,
2021/6/30,2.5,
2021/6/29,2.4,
2021/6/28,2,
2021/6/25,2.1,
2021/6/24,1.9,
2021/6/23,1.9,
2021/6/22,2.3,
2021/6/21,2.1,
2021/6/18,2,
2021/6/17,1.3,
2021/6/16,1.9,
2021/6/15,1.9,
2021/6/14,2.8,
2021/6/11,2.4,
2021/6/10,2.6,
2021/6/9,1.8,
2021/6/8,2.1,
2021/6/7,2.2,
2021/6/4,2.5,
2021/6/3,2.5,
2021/6/2,2.4,
2021/6/1,1.5,
2021/5/31,2.9,
2021/5/28,3.1,
2021/5/27,2,
2021/5/26,2.1,
2021/5/25,2.3,
2021/5/24,3.6,
2021/5/21,3.5,
2021/5/20,4.5,
2021/5/19,5.5,
2021/5/18,3,
2021/5/17,5,
2021/5/14,4,
2021/5/13,8,
2021/5/12,2.7,
2021/5/11,2.9,
2021/5/10,2.2,
2021/5/7,2.4,
2021/5/6,2.3,
2021/4/30,2.3,
2021/4/28,2,
2021/4/27,3,
2021/4/26,3,
2021/4/23,4.2,
2021/4/22,4.5,
2021/4/21,5.2,
2021/4/20,4.1,
2021/4/19,3.1,
2021/4/16,3.3,
2021/4/15,2.6,
2021/4/14,2.6,
2021/4/13,2.6,
2021/4/12,2.5,
2021/4/9,2.5,
2021/4/8,2.6,
2021/4/7,3.4,
2021/4/6,3,
2021/4/5,2.9,
2021/4/2,2.3,
2021/4/1,5.3,
2021/3/31,3.9,
2021/3/30,4.8,
2021/3/29,4.2,
2021/3/26,5.3,
2021/3/25,6.3,
2021/3/24,8.1,
2021/3/23,5,
2021/3/22,3.5,
2021/3/19,2.7,
2021/3/18,2.2,
2021/3/17,2.3,
2021/3/16,1.7,
2021/3/15,1.4,
2021/3/12,1.8,
2021/3/11,1.9,
2021/3/10,1.8,
2021/3/9,1.5,
2021/3/8,2.3,
2021/3/5,2.7,
2021/3/4,2.6,
2021/3/3,2.1,
2021/3/2,2.1,
2021/3/1,2,
2021/2/26,2.6,
2021/2/25,1.5,
2021/2/24,1.5,
2021/2/22,1.4,
2021/2/19,1.6,
2021/2/18,1.3,
2021/2/17,1.1,
2021/2/16,1,
2021/2/15,0.8,
2021/2/12,0.9,
2021/2/10,0.9,
2021/2/9,1.1,
2021/2/8,1.3,
2021/2/5,1.7,
2021/2/4,1.4,
2021/2/3,1.1,
2021/2/2,1.2,
2021/2/1,1.3,
2021/1/29,1.5,
2021/1/28,1.4,
2021/1/27,1.2,
2021/1/26,1.2,
2021/1/25,1.1,
2021/1/22,1.2,
2021/1/21,1.1,
2021/1/20,1.1,
2021/1/19,1.1,
2021/1/18,1.4,
2021/1/15,1,
2021/1/14,1,
2021/1/13,1.3,
2021/1/12,1.5,
2021/1/8,1.7,
2021/1/7,2.3,
2021/1/6,2.3,
2021/1/5,2.4,
2021/1/4,2.2,
2020/12/30,1.9,
2020/12/29,1.8,
2020/12/28,1.7,
2020/12/25,2,
2020/12/24,2.1,
2020/12/23,2.4,
2020/12/22,2.3,
2020/12/21,1.7,
2020/12/18,1.9,
2020/12/17,1.7,
2020/12/16,1.3,
2020/12/15,1.3,
2020/12/14,0.9,
2020/12/11,0.8,
2020/12/10,0.6,
2020/12/9,0.5,
2020/12/8,0.6,
2020/12/7,0.7,
2020/12/4,0.6,
2020/12/3,0.5,
2020/12/2,0.5,
2020/12/1,0.5,
2020/11/30,0.6,
2020/11/27,0.6,
2020/11/26,0.6,
2020/11/25,0.6,
2020/11/24,0.6,
2020/11/20,0.9,
2020/11/19,0.8,
2020/11/18,0.7,
2020/11/17,0.5,
2020/11/16,0.6,
2020/11/13,0.8,
2020/11/12,0.8,
2020/11/11,0.9,
2020/11/10,1,
2020/11/9,1,
2020/11/6,1.6,
2020/11/5,1.6,
2020/11/4,2.1,
2020/11/2,2.1,
2020/10/30,2,
2020/10/29,1.8,
2020/10/28,2.4,
2020/10/27,2.1,
2020/10/26,2,
2020/10/23,2.3,
2020/10/22,2.2,
2020/10/21,2.3,
2020/10/20,2.2,
2020/10/19,2.1,
2020/10/16,2.2,
2020/10/15,3,
2020/10/14,2.3,
2020/10/13,2.7,
2020/10/12,3.4,
2020/10/9,2.5,
2020/10/8,2.2,
2020/10/7,2.6,
2020/10/6,2.1,
2020/10/5,2.9,
2020/10/2,2.7,
2020/10/1,2.8,
2020/9/30,2.3,
2020/9/29,2,
2020/9/28,1.9,
2020/9/25,2.7,
2020/9/24,2.6,
2020/9/23,2.5,
2020/9/18,3,
2020/9/17,2.8,
2020/9/16,2.3,
2020/9/15,2,
2020/9/14,1.6,
2020/9/11,1.8,
2020/9/10,2.3,
2020/9/9,2.8,
2020/9/8,2.3,
2020/9/7,2,
2020/9/4,2.5,
2020/9/3,2,
2020/9/2,2.7,
2020/9/1,2.8,
2020/8/31,3,
2020/8/28,3.2,
2020/8/27,2.8,
2020/8/26,3.4,
2020/8/25,3.7,
2020/8/24,4.7,
2020/8/21,4,
2020/8/20,4.6,
2020/8/19,2.9,
2020/8/18,3.4,
2020/8/17,2.9,
2020/8/14,3,
2020/8/13,3,
2020/8/12,2.8,
2020/8/11,2.9,
2020/8/7,3.9,
2020/8/6,4.2,
2020/8/5,3.3,
2020/8/4,4.7,
2020/8/3,4.2,
2020/7/31,6.5,
2020/7/30,5,
2020/7/29,4.6,
2020/7/28,4.8,
2020/7/27,4,
2020/7/22,4.5,
2020/7/21,4.6,
2020/7/20,2.6,
2020/7/17,4.6,
2020/7/16,4.2,
2020/7/15,5.6,
2020/7/14,5.6,
2020/7/13,5.4,
2020/7/10,5,
2020/7/9,4.1,
2020/7/8,4.2,
2020/7/7,3.9,
2020/7/6,3.3,
2020/7/3,3.4,
2020/7/2,2.9,
2020/7/1,2.1,
2020/6/30,1.8,
2020/6/29,1.7,
2020/6/26,0.9,
2020/6/25,1.5,
2020/6/24,2.1,
2020/6/23,1.9,
2020/6/22,1.7,
2020/6/19,1.5,
2020/6/18,1.2,
2020/6/17,1.2,
2020/6/16,1.1,
2020/6/15,1.5,
2020/6/12,0.9,
2020/6/11,0.7,
2020/6/10,0.6,
2020/6/9,0.9,
2020/6/8,0.6,
2020/6/5,0.8,
2020/6/4,0.6,
2020/6/3,0.8,
2020/6/2,0.7,
2020/6/1,1,
2020/5/29,1.4,
2020/5/28,1.5,
2020/5/27,1.3,
2020/5/26,1.8,
2020/5/25,2.8,
2020/5/22,2.2,
2020/5/21,3.5,
2020/5/20,3,
2020/5/19,3.5,
2020/5/18,3.1,
2020/5/15,2.2,
2020/5/14,1.3,
2020/5/13,1.1,
2020/5/12,1.2,
2020/5/11,2.2,
2020/5/8,2.6,
2020/5/7,4.5,
2020/5/1,2.5,
2020/4/30,3.6,
2020/4/28,1.4,
2020/4/27,0.5,
2020/4/24,0.6,
2020/4/23,0.7,
2020/4/22,1,
2020/4/21,0.9,
2020/4/20,1,
2020/4/17,1.8,
2020/4/16,5,
2020/4/15,5.5,
2020/4/14,4.1,
2020/4/13,11.8,
2020/4/10,10.4,
2020/4/9,8.9,
2020/4/8,9.7,
2020/4/7,15.5,
2020/4/6,17.8,
2020/4/3,42.4,
2020/4/2,31.2,
2020/4/1,28.3,
2020/3/31,28.2,
2020/3/30,60.4,
2020/3/27,58.7,
2020/3/26,76,
2020/3/25,48.3,
2020/3/24,84.8,
2020/3/23,98,
2020/3/19,99.3,
2020/3/18,98.7,
2020/3/17,97.3,
2020/3/16,98.7,
2020/3/13,91.5,
2020/3/12,75.3,
2020/3/11,37.7,
2020/3/10,16.1,
2020/3/9,26.3,
2020/3/6,7.1,
2020/3/5,7.8,
2020/3/4,6.8,
2020/3/3,7.7,
2020/3/2,14.4,
2020/2/28,21.3,
2020/2/27,5.8,
2020/2/26,4.9,
2020/2/25,4.8,
2020/2/21,1.5,
2020/2/20,1.3,
2020/2/19,1.5,
2020/2/18,1.5,
2020/2/17,1.2,
2020/2/14,0.8,
2020/2/13,1.2,
2020/2/12,0.8,
2020/2/10,1.2,
2020/2/7,1,
2020/2/6,1.1,
2020/2/5,1.5,
2020/2/4,1.8,
2020/2/3,2.4,
2020/1/31,1.7,
2020/1/30,2.2,
2020/1/29,1.5,
2020/1/28,1.9,
2020/1/27,1.9,
2020/1/24,1.3,
2020/1/23,1,
2020/1/22,1,
2020/1/21,1.1,
2020/1/20,1.1,
2020/1/17,1,
2020/1/16,1,
2020/1/15,0.9,
2020/1/14,1.1,
2020/1/10,1.1,
2020/1/9,1,
2020/1/8,1.2,
2020/1/7,1.1,
2020/1/6,1.2,
2019/12/30,1.2,
2019/12/27,1.1,
2019/12/26,1,
2019/12/25,1.2,
2019/12/24,1.2,
2019/12/23,1.3,
2019/12/20,1.2,
2019/12/19,1.1,
2019/12/18,1.3,
2019/12/17,1.4,
2019/12/16,1.1,
2019/12/13,1.1,
2019/12/12,1.4,
2019/12/11,1.3,
2019/12/10,1.4,
2019/12/9,1.1,
2019/12/6,1.3,
2019/12/5,1.2,
2019/12/4,1.4,
2019/12/3,1.2,
2019/12/2,1.2,
2019/11/29,1.2,
2019/11/28,1.1,
2019/11/27,1.1,
2019/11/26,1,
2019/11/25,1.1,
2019/11/22,1.1,
2019/11/21,1,
2019/11/20,0.7,
2019/11/19,0.7,
2019/11/18,0.6,
2019/11/15,0.7,
2019/11/14,0.6,
2019/11/13,0.6,
2019/11/12,0.6,
2019/11/11,0.8,
2019/11/8,0.8,
2019/11/7,0.7,
2019/11/6,0.8,
2019/11/5,0.9,
2019/11/1,1.1,
2019/10/31,1.1,
2019/10/30,1,
2019/10/29,0.9,
2019/10/28,0.9,
2019/10/25,1,
2019/10/24,1,
2019/10/23,0.9,
2019/10/21,0.9,
2019/10/18,0.8,
2019/10/17,0.7,
2019/10/16,0.7,
2019/10/15,0.8,
2019/10/11,0.7,
2019/10/10,0.8,
2019/10/9,0.9,
2019/10/8,0.9,
2019/10/7,0.8,
2019/10/4,0.9,
2019/10/3,0.8,
2019/10/2,0.7,
2019/10/1,1,
2019/9/30,0.7,
2019/9/27,0.7,
2019/9/26,0.7,
2019/9/25,0.6,
2019/9/24,0.7,
2019/9/20,0.7,
2019/9/19,0.8,
2019/9/18,0.7,
2019/9/17,0.9,
2019/9/13,0.8,
2019/9/12,0.9,
2019/9/11,1.1,
2019/9/10,1.4,
2019/9/9,1.7,
2019/9/6,1.9,
2019/9/5,1.7,
2019/9/4,2.4,
2019/9/3,2.1,
2019/9/2,2.2,
2019/8/30,2.2,
2019/8/29,2.3,
2019/8/28,2.2,
2019/8/27,1.9,
2019/8/26,2.2,
2019/8/23,1.4,
2019/8/22,2.2,
2019/8/21,1.9,
2019/8/20,1.9,
2019/8/19,2.6,
2019/8/16,3.5,
2019/8/15,2.4,
2019/8/14,1.8,
2019/8/13,2.4,
2019/8/9,1.9,
2019/8/8,2.1,
2019/8/7,2.5,
2019/8/6,2.6,
2019/8/5,1.4,
2019/8/2,1.5,
2019/8/1,1.1,
2019/7/31,1.2,
2019/7/30,1.2,
2019/7/29,1.2,
2019/7/26,1.3,
2019/7/25,1.1,
2019/7/24,1,
2019/7/23,1.2,
2019/7/22,1.3,
2019/7/19,1.3,
2019/7/18,1.6,
2019/7/17,1.6,
2019/7/16,1.4,
2019/7/12,1.1,
2019/7/11,1.1,
2019/7/10,1.1,
2019/7/9,0.9,
2019/7/8,1,
2019/7/5,1,
2019/7/4,1.3,
2019/7/3,1.2,
2019/7/2,1.3,
2019/7/1,1.2,
2019/6/28,1.4,
2019/6/27,1.5,
2019/6/26,1.8,
2019/6/25,1.6,
2019/6/24,1.7,
2019/6/21,1.6,
2019/6/20,1.4,
2019/6/19,1.6,
2019/6/18,1.7,
2019/6/17,1.9,
2019/6/14,2.1,
2019/6/13,2.5,
2019/6/12,2.6,
2019/6/11,2.7,
2019/6/10,3.3,
2019/6/7,3.6,
2019/6/6,2.9,
2019/6/5,2.9,
2019/6/4,3.3,
2019/6/3,3.5,
2019/5/31,2.6,
2019/5/30,2.5,
2019/5/29,2.2,
2019/5/28,1.9,
2019/5/27,1.7,
2019/5/24,1.5,
2019/5/23,1.5,
2019/5/22,1.6,
2019/5/21,1.6,
2019/5/20,1.6,
2019/5/17,1.6,
2019/5/16,1.7,
2019/5/15,1.4,
2019/5/14,1.3,
2019/5/13,1,
2019/5/10,0.8,
2019/5/9,1,
2019/5/8,1,
2019/5/7,0.7,
2019/4/26,1.2,
2019/4/25,0.9,
2019/4/24,0.9,
2019/4/23,1,
2019/4/22,0.9,
2019/4/19,0.9,
2019/4/18,1,
2019/4/17,1.2,
2019/4/16,0.9,
2019/4/15,0.9,
2019/4/12,1.5,
2019/4/11,1.7,
2019/4/10,1.7,
2019/4/9,1.6,
2019/4/8,1.4,
2019/4/5,1.2,
2019/4/4,1.4,
2019/4/3,1.4,
2019/4/2,1.7,
2019/4/1,1.5,
2019/3/29,1.8,
2019/3/28,1.8,
2019/3/27,1.6,
2019/3/26,1.5,
2019/3/25,1.3,
2019/3/22,1.4,
2019/3/20,1.3,
2019/3/19,1.2,
2019/3/18,0.9,
2019/3/15,1.3,
2019/3/14,1.4,
2019/3/13,1.3,
2019/3/12,1.1,
2019/3/11,1.2,
2019/3/8,1.3,
2019/3/7,1.1,
2019/3/6,1.1,
2019/3/5,1.1,
2019/3/4,1.2,
2019/3/1,1.2,
2019/2/28,1.3,
2019/2/27,1.3,
2019/2/26,1.3,
2019/2/25,1.2,
2019/2/22,1.1,
2019/2/21,1.1,
2019/2/20,1.2,
2019/2/19,1.2,
2019/2/18,1.1,
2019/2/15,1.6,
2019/2/14,1.2,
2019/2/13,1.1,
2019/2/12,1,
2019/2/8,1.9,
2019/2/7,1.7,
2019/2/6,0.9,
2019/2/5,0.9,
2019/2/4,1.8,
2019/2/1,1.8,
2019/1/31,2.5,
2019/1/30,2.7,
2019/1/29,3.1,
2019/1/28,2.7,
2019/1/25,3.5,
2019/1/24,3,
2019/1/23,2.4,
2019/1/22,2.6,
2019/1/21,3.4,
2019/1/18,2.8,
2019/1/17,4.1,
2019/1/16,4.5,
2019/1/15,5.2,
2019/1/11,6.3,
2019/1/10,6.2,
2019/1/9,5.1,
2019/1/8,4.6,
2019/1/7,5.4,
2019/1/4,7,
2018/12/28,5.2,
2018/12/27,4.4,
2018/12/26,12.3,
2018/12/25,14.1,
2018/12/21,5.1,
2018/12/20,4.6,
2018/12/19,2.9,
2018/12/18,3.4,
2018/12/17,2.5,
2018/12/14,3.1,
2018/12/13,2.1,
2018/12/12,2.7,
2018/12/11,3,
2018/12/10,3.8,
2018/12/7,2.1,
2018/12/6,2.8,
2018/12/5,1.8,
2018/12/4,1.4,
2018/12/3,1.2,
2018/11/30,1.3,
2018/11/29,2.2,
2018/11/28,1.9,
2018/11/27,3.1,
2018/11/26,2.6,
2018/11/22,3.2,
2018/11/21,3.6,
2018/11/20,2.7,
2018/11/19,2.4,
2018/11/16,3.5,
2018/11/15,2.7,
2018/11/14,4.6,
2018/11/13,3.1,
2018/11/12,3.4,
2018/11/9,3.3,
2018/11/8,3.1,
2018/11/7,5.1,
2018/11/6,6.7,
2018/11/5,11.9,
2018/11/2,4,
2018/11/1,9.8,
2018/10/31,7.9,
2018/10/30,12.1,
2018/10/29,10.7,
2018/10/26,11.5,
2018/10/25,9.7,
2018/10/24,2.5,
2018/10/23,2.7,
2018/10/22,1.2,
2018/10/19,1.3,
2018/10/18,1,
2018/10/17,1,
2018/10/16,1.2,
2018/10/15,2,
2018/10/12,1.3,
2018/10/11,2.2,
2018/10/10,1,
2018/10/9,1,
2018/10/5,0.9,
2018/10/4,0.7,
2018/10/3,0.7,
2018/10/2,0.6,
2018/10/1,0.6,
2018/9/28,0.6,
2018/9/27,0.7,
2018/9/26,0.6,
2018/9/25,0.7,
2018/9/21,0.7,
2018/9/20,0.8,
2018/9/19,0.9,
2018/9/18,0.7,
2018/9/14,1.3,
2018/9/13,1.5,
2018/9/12,1.5,
2018/9/11,1.5,
2018/9/10,1.5,
2018/9/7,1.7,
2018/9/6,1.5,
2018/9/5,1.7,
2018/9/4,1.4,
2018/9/3,1.5,
2018/8/31,1.7,
2018/8/30,1.5,
2018/8/29,1.6,
2018/8/28,1.5,
2018/8/27,1.5,
2018/8/24,2.2,
2018/8/23,2.3,
2018/8/22,2.1,
2018/8/21,2.2,
2018/8/20,2.1,
2018/8/17,1.5,
2018/8/16,1.4,
2018/8/15,1.8,
2018/8/14,1.4,
2018/8/13,1.5,
2018/8/10,1.3,
2018/8/9,1.5,
2018/8/8,1.4,
2018/8/7,1.5,
2018/8/6,2.2,
2018/8/3,1.8,
2018/8/2,1.8,
2018/8/1,1.7,
2018/7/31,1.8,
2018/7/30,1.9,
2018/7/27,1.8,
2018/7/26,1.7,
2018/7/25,1.5,
2018/7/24,2.2,
2018/7/23,1.9,
2018/7/20,1.5,
2018/7/19,1.8,
2018/7/18,1.6,
2018/7/17,1.6,
2018/7/13,1.6,
2018/7/12,2.2,
2018/7/11,2,
2018/7/10,1.8,
2018/7/9,1.8,
2018/7/6,1.7,
2018/7/5,1.9,
2018/7/4,1.7,
2018/7/3,2.1,
2018/7/2,1.9,
2018/6/29,1.5,
2018/6/28,1.6,
2018/6/27,2,
2018/6/26,2.3,
2018/6/25,2.2,
2018/6/22,1.8,
2018/6/21,1.7,
2018/6/20,1.6,
2018/6/19,1.9,
2018/6/18,1.8,
2018/6/15,1.7,
2018/6/14,1.5,
2018/6/13,1.4,
2018/6/12,1.6,
2018/6/11,1.6,
2018/6/8,1.7,
2018/6/7,1.6,
2018/6/6,1.9,
2018/6/5,1.9,
2018/6/4,1.8,
2018/6/1,1.9,
2018/5/31,1.6,
2018/5/30,1.7,
2018/5/29,1.7,
2018/5/28,1.8,
2018/5/25,1.5,
2018/5/24,1.3,
2018/5/23,1.3,
2018/5/22,1.2,
2018/5/21,1.2,
2018/5/18,1.4,
2018/5/17,1.4,
2018/5/16,1.3,
2018/5/15,1.4,
2018/5/14,1.1,
2018/5/11,1.2,
2018/5/10,1.5,
2018/5/9,1.5,
2018/5/8,1.2,
2018/5/7,1.2,
2018/5/2,1.4,
2018/5/1,0.9,
2018/4/27,0.9,
2018/4/26,1.8,
2018/4/25,1.4,
2018/4/24,1.6,
2018/4/23,1.9,
2018/4/20,2,
2018/4/19,1.8,
2018/4/18,2,
2018/4/17,2.2,
2018/4/16,1.8,
2018/4/13,1.8,
2018/4/12,1.7,
2018/4/11,2,
2018/4/10,1.4,
2018/4/9,1.8,
2018/4/6,2.4,
2018/4/5,2.7,
2018/4/4,3.6,
2018/4/3,3.1,
2018/4/2,2.5,
2018/3/30,2.3,
2018/3/29,3.4,
2018/3/28,3.6,
2018/3/27,3.5,
2018/3/26,4.1,
2018/3/23,3.8,
2018/3/22,1.7,
2018/3/20,2.3,
2018/3/19,2.6,
2018/3/16,3.3,
2018/3/15,2.2,
2018/3/14,2.3,
2018/3/13,3.6,
2018/3/12,4,
2018/3/9,9.6,
2018/3/8,8.4,
2018/3/7,8.8,
2018/3/6,11.3,
2018/3/5,9.1,
2018/3/2,9,
2018/3/1,11.5,
2018/2/28,7.1,
2018/2/27,4.1,
2018/2/26,4.6,
2018/2/23,7.2,
2018/2/22,9.5,
2018/2/21,10.4,
2018/2/20,7.5,
2018/2/19,8,
2018/2/16,8.6,
2018/2/15,9,
2018/2/14,11.1,
2018/2/13,10.8,
2018/2/9,11.8,
2018/2/8,4.4,
2018/2/7,5.1,
2018/2/6,5.6,
2018/2/5,2.2,
2018/2/2,1.5,
2018/2/1,1.2,
2018/1/31,1.5,
2018/1/30,1.4,
2018/1/29,1.2,
2018/1/26,1.2,
2018/1/25,1,
2018/1/24,0.9,
2018/1/23,0.9,
2018/1/22,1.1,
2018/1/19,1.2,
2018/1/18,1.1,
2018/1/17,0.9,
2018/1/16,0.8,
2018/1/15,1.3,
2018/1/12,1.3,
2018/1/11,1.3,
2018/1/10,1.2,
2018/1/9,1,
2018/1/5,1.1,
2018/1/4,1.3,
2017/12/29,2.3,
2017/12/28,2.2,
2017/12/27,2.1,
2017/12/26,2,
2017/12/25,2.2,
2017/12/22,2.3,
2017/12/21,1.9,
2017/12/20,2.3,
2017/12/19,2.2,
2017/12/18,2.6,
2017/12/15,3.4,
2017/12/14,3.4,
2017/12/13,2.8,
2017/12/12,2.1,
2017/12/11,1.9,
2017/12/8,2,
2017/12/7,1.7,
2017/12/6,1.7,
2017/12/5,1.5,
2017/12/4,1.2,
2017/12/1,1.1,
2017/11/30,1.3,
2017/11/29,1.2,
2017/11/28,1.1,
2017/11/27,1.1,
2017/11/24,1,
2017/11/22,1,
2017/11/21,1,
2017/11/20,1,
2017/11/17,0.8,
2017/11/16,0.8,
2017/11/15,0.8,
2017/11/14,0.7,
2017/11/13,0.7,
2017/11/10,0.6,
2017/11/9,0.5,
2017/11/8,0.5,
2017/11/7,0.5,
2017/11/6,0.6,
2017/11/2,0.5,
2017/11/1,0.6,
2017/10/31,0.9,
2017/10/30,0.8,
2017/10/27,0.8,
2017/10/26,0.9,
2017/10/25,0.9,
2017/10/24,0.7,
2017/10/23,0.7,
2017/10/20,0.7,
2017/10/19,0.7,
2017/10/18,0.7,
2017/10/17,0.6,
2017/10/16,0.8,
2017/10/13,0.8,
2017/10/12,1,
2017/10/11,1.1,
2017/10/10,1.2,
2017/10/6,1.2,
2017/10/5,1.1,
2017/10/4,1,
2017/10/3,1.1,
2017/10/2,1.2,
2017/9/29,1.2,
2017/9/28,1.3,
2017/9/27,1.4,
2017/9/26,1.3,
2017/9/25,1.5,
2017/9/22,1.9,
2017/9/21,1.7,
2017/9/20,1.7,
2017/9/19,1.5,
2017/9/15,2.5,
2017/9/14,2.4,
2017/9/13,2.7,
2017/9/12,2.4,
2017/9/11,2.4,
2017/9/8,3.4,
2017/9/7,2.8,
2017/9/6,2.8,
2017/9/5,2.6,
2017/9/4,2.4,
2017/9/1,2.5,
2017/8/31,2.2,
2017/8/30,2.3,
2017/8/29,2.5,
2017/8/28,2.9,
2017/8/25,2.6,
2017/8/24,2.7,
2017/8/23,2.5,
2017/8/22,2.7,
2017/8/21,2.6,
2017/8/18,2.4,
2017/8/17,2.5,
2017/8/16,2.2,
2017/8/15,2.1,
2017/8/14,2.4,
2017/8/10,2.6,
2017/8/9,2.4,
2017/8/8,2.6,
2017/8/7,2.4,
2017/8/4,3,
2017/8/3,2.4,
2017/8/2,2.6,
2017/8/1,2.4,
2017/7/31,2.3,
2017/7/28,2.2,
2017/7/27,2.4,
2017/7/26,2.6,
2017/7/25,2.4,
2017/7/24,2,
2017/7/21,1.9,
2017/7/20,2,
2017/7/19,2.2,
2017/7/18,2,
2017/7/14,2.1,
2017/7/13,1.9,
2017/7/12,2,
2017/7/11,2,
2017/7/10,2.2,
2017/7/7,2.1,
2017/7/6,1.8,
2017/7/5,1.4,
2017/7/4,1.5,
2017/7/3,1.6,
2017/6/30,1.6,
2017/6/29,1.8,
2017/6/28,1.7,
2017/6/27,1.6,
2017/6/26,1.8,
2017/6/23,1.8,
2017/6/22,1.8,
2017/6/21,2.1,
2017/6/20,2,
2017/6/19,2,
2017/6/16,2.1,
2017/6/15,2.2,
2017/6/14,2,
2017/6/13,1.9,
2017/6/12,2,
2017/6/9,1.5,
2017/6/8,1.4,
2017/6/7,1.2,
2017/6/6,1.2,
2017/6/5,1.1,
2017/6/2,0.9,
2017/6/1,1.1,
2017/5/31,1.1,
2017/5/30,1.2,
2017/5/29,1.2,
2017/5/26,1.1,
2017/5/25,1,
2017/5/24,1.1,
2017/5/23,1.2,
2017/5/22,1.2,
2017/5/19,1.4,
2017/5/18,1.4,
2017/5/17,1.1,
2017/5/16,1.1,
2017/5/15,1.4,
2017/5/12,1.3,
2017/5/11,1.4,
2017/5/10,1.3,
2017/5/9,1.6,
2017/5/8,1.6,
2017/5/2,2,
2017/5/1,1.9,
2017/4/28,2.9,
2017/4/27,2.3,
2017/4/26,2.2,
2017/4/25,3.2,
2017/4/24,3,
2017/4/21,3.4,
2017/4/20,4.2,
2017/4/19,4.1,
2017/4/18,4.2,
2017/4/17,5,
2017/4/14,5,
2017/4/13,5.9,
2017/4/12,3.9,
2017/4/11,3.2,
2017/4/10,3.2,
2017/4/7,3.7,
2017/4/6,3.5,
2017/4/5,2.6,
2017/4/4,2.7,
2017/4/3,2.8,
2017/3/31,2.8,
2017/3/30,2.7,
2017/3/29,2.5,
2017/3/28,2.3,
2017/3/27,2.5,
2017/3/24,2.3,
2017/3/23,2.8,
2017/3/22,2.6,
2017/3/21,2.6,
2017/3/17,2.5,
2017/3/16,1.8,
2017/3/15,1.8,
2017/3/14,1.7,
2017/3/13,1.9,
2017/3/10,1.9,
2017/3/9,2.3,
2017/3/8,2.8,
2017/3/7,2.5,
2017/3/6,3,
2017/3/3,2.4,
2017/3/2,2.1,
2017/3/1,2,
2017/2/28,1.9,
2017/2/27,2.2,
2017/2/24,2.5,
2017/2/23,2.2,
2017/2/22,2,
2017/2/21,1.9,
2017/2/20,2.4,
2017/2/17,2.6,
2017/2/16,2,
2017/2/15,2.4,
2017/2/14,2.5,
2017/2/13,2.5,
2017/2/10,2.5,
2017/2/9,3.6,
2017/2/8,2.6,
2017/2/7,2.7,
2017/2/6,2.9,
2017/2/3,2.7,
2017/2/2,2.8,
2017/2/1,2.5,
2017/1/31,2.6,
2017/1/30,2.3,
2017/1/27,2.1,
2017/1/26,2.3,
2017/1/25,2.5,
2017/1/24,2.8,
2017/1/23,2.6,
2017/1/20,2.2,
2017/1/19,2.1,
2017/1/18,1.9,
2017/1/17,1.6,
2017/1/16,1.3,
2017/1/13,1.3,
2017/1/12,1.4,
2017/1/11,1.4,
2017/1/10,1.2,
2017/1/6,1.1,
2017/1/5,1.1,
2017/1/4,1,
2016/12/30,1.6,
2016/12/29,1.5,
2016/12/28,1.4,
2016/12/27,1.3,
2016/12/26,1.3,
2016/12/22,1.3,
2016/12/21,1.2,
2016/12/20,1.2,
2016/12/19,1,
2016/12/16,1,
2016/12/15,0.6,
2016/12/14,1.2,
2016/12/13,1,
2016/12/12,0.9,
2016/12/9,1.2,
2016/12/8,1.5,
2016/12/7,1.5,
2016/12/6,1.5,
2016/12/5,1.3,
2016/12/2,1.2,
2016/12/1,1.2,
2016/11/30,1.3,
2016/11/29,1.2,
2016/11/28,1.2,
2016/11/25,1,
2016/11/24,1.1,
2016/11/22,1.2,
2016/11/21,1.2,
2016/11/18,1.3,
2016/11/17,1.5,
2016/11/16,1.5,
2016/11/15,1.4,
2016/11/14,1.4,
2016/11/11,1.6,
2016/11/10,1.5,
2016/11/9,2.1,
2016/11/8,1.4,
2016/11/7,1.7,
2016/11/4,1.4,
2016/11/2,1.7,
2016/11/1,1.5,
2016/10/31,1.8,
2016/10/28,1.8,
2016/10/27,1.7,
2016/10/26,1.9,
2016/10/25,1.8,
2016/10/24,2.2,
2016/10/21,2.3,
2016/10/20,2.1,
2016/10/19,2.9,
2016/10/18,2.4,
2016/10/17,2.7,
2016/10/14,2.9,
2016/10/13,2.8,
2016/10/12,2.7,
2016/10/11,2.6,
2016/10/7,2.7,
2016/10/6,2.3,
2016/10/5,2.5,
2016/10/4,2.2,
2016/10/3,2.6,
2016/9/30,2.6,
2016/9/29,2.4,
2016/9/28,2.8,
2016/9/27,2.5,
2016/9/26,2.4,
2016/9/23,2.7,
2016/9/21,2,
2016/9/20,2.4,
2016/9/16,2.4,
2016/9/15,2.1,
2016/9/14,2.1,
2016/9/13,1.9,
2016/9/12,1.5,
2016/9/9,1.7,
2016/9/8,1.6,
2016/9/7,1.9,
2016/9/6,2,
2016/9/5,2,
2016/9/2,2,
2016/9/1,2.6,
2016/8/31,2.3,
2016/8/30,2.8,
2016/8/29,2.7,
2016/8/26,3.6,
2016/8/25,3.2,
2016/8/24,3.1,
2016/8/23,3,
2016/8/22,2.7,
2016/8/19,2.5,
2016/8/18,2.5,
2016/8/17,1.8,
2016/8/16,1.3,
2016/8/15,1.4,
2016/8/12,1.5,
2016/8/10,1.9,
2016/8/9,1.9,
2016/8/8,1.8,
2016/8/5,2,
2016/8/4,2,
2016/8/3,1.8,
2016/8/2,1.8,
2016/8/1,1.3,
2016/7/29,3.1,
2016/7/28,2.3,
2016/7/27,2.2,
2016/7/26,2.1,
2016/7/25,1.5,
2016/7/22,1.4,
2016/7/21,1.7,
2016/7/20,1.7,
2016/7/19,1.8,
2016/7/15,2.9,
2016/7/14,2.4,
2016/7/13,2.8,
2016/7/12,2.6,
2016/7/11,3.1,
2016/7/8,4.7,
2016/7/7,4,
2016/7/6,4.7,
2016/7/5,5,
2016/7/4,4.1,
2016/7/1,4,
2016/6/30,4.2,
2016/6/29,4.5,
2016/6/28,4.2,
2016/6/27,4.7,
2016/6/24,9.6,
2016/6/23,2.4,
2016/6/22,2.5,
2016/6/21,2.5,
2016/6/20,2.5,
2016/6/17,3.1,
2016/6/16,3.6,
2016/6/15,2.5,
2016/6/14,2.6,
2016/6/13,1.8,
2016/6/10,1.8,
2016/6/9,1.9,
2016/6/8,2.5,
2016/6/7,3.3,
2016/6/6,3.6,
2016/6/3,3.9,
2016/6/2,4.1,
2016/6/1,3,
2016/5/31,2.2,
2016/5/30,2.4,
2016/5/27,1.8,
2016/5/26,2.9,
2016/5/25,2.6,
2016/5/24,2.1,
2016/5/23,1.5,
2016/5/20,1.4,
2016/5/19,1.5,
2016/5/18,1.6,
2016/5/17,1.6,
2016/5/16,1.7,
2016/5/13,2.1,
2016/5/12,2,
2016/5/11,2.8,
2016/5/10,2.8,
2016/5/9,3.7,
2016/5/6,3.9,
2016/5/2,3.6,
2016/4/28,2.9,
2016/4/27,2.3,
2016/4/26,2.3,
2016/4/25,1.9,
2016/4/22,2.1,
2016/4/21,2.5,
2016/4/20,3.3,
2016/4/19,3.6,
2016/4/18,4.2,
2016/4/15,3.4,
2016/4/14,3.1,
2016/4/13,4.6,
2016/4/12,5.9,
2016/4/11,6.3,
2016/4/8,6.1,
2016/4/7,5.7,
2016/4/6,4.1,
2016/4/5,4.3,
2016/4/4,4.2,
2016/4/1,3.8,
2016/3/31,2.5,
2016/3/30,2.6,
2016/3/29,2.3,
2016/3/28,2.1,
2016/3/25,2.7,
2016/3/24,2.2,
2016/3/23,2.5,
2016/3/22,2.4,
2016/3/18,1.4,
2016/3/17,2.3,
2016/3/16,2.6,
2016/3/15,3.8,
2016/3/14,2.6,
2016/3/11,3.7,
2016/3/10,4,
2016/3/9,6,
2016/3/8,5.9,
2016/3/7,4.8,
2016/3/4,3.8,
2016/3/3,4.5,
2016/3/2,3.7,
2016/3/1,7,
2016/2/29,5.9,
2016/2/26,3.2,
2016/2/25,4.5,
2016/2/24,6.6,
2016/2/23,5.3,
2016/2/22,5.9,
2016/2/19,5.9,
2016/2/18,5.9,
2016/2/17,7.6,
2016/2/16,7.5,
2016/2/15,8.1,
2016/2/12,18,
2016/2/10,13.2,
2016/2/9,10.7,
2016/2/8,8.8,
2016/2/5,7.5,
2016/2/4,8,
2016/2/3,8.8,
2016/2/2,4.7,
2016/2/1,4.7,
2016/1/29,8.4,
2016/1/28,8.7,
2016/1/27,9.8,
2016/1/26,8.1,
2016/1/25,6.6,
2016/1/22,9.6,
2016/1/21,11.9,
2016/1/20,9,
2016/1/19,16.6,
2016/1/18,13.8,
2016/1/15,18.9,
2016/1/14,14.8,
2016/1/13,12.9,
2016/1/12,16.8,
2016/1/8,16.7,
2016/1/7,14.3,
2016/1/6,9.7,
2016/1/5,8.9,
2016/1/4,8.9,
2015/12/30,3.9,
2015/12/29,4,
2015/12/28,4.4,
2015/12/25,4,
2015/12/24,3.9,
2015/12/22,3.5,
2015/12/21,4.1,
2015/12/18,4.7,
2015/12/17,3.7,
2015/12/16,4.5,
2015/12/15,5.9,
2015/12/14,4,
2015/12/11,2.8,
2015/12/10,3.1,
2015/12/9,2.3,
2015/12/8,2.7,
2015/12/7,2.4,
2015/12/4,2.4,
2015/12/3,2,
2015/12/2,2.3,
2015/12/1,2.4,
2015/11/30,2.1,
2015/11/27,2,
2015/11/26,1.6,
2015/11/25,1.4,
2015/11/24,1.4,
2015/11/20,1.3,
2015/11/19,1.2,
2015/11/18,1.5,
2015/11/17,1.6,
2015/11/16,1.5,
2015/11/13,1.6,
2015/11/12,1.5,
2015/11/11,1.5,
2015/11/10,1.3,
2015/11/9,1.4,
2015/11/6,1.3,
2015/11/5,1.1,
2015/11/4,1.7,
2015/11/2,1.9,
2015/10/30,1.4,
2015/10/29,1.9,
2015/10/28,2.2,
2015/10/27,2,
2015/10/26,1.7,
2015/10/23,1.8,
2015/10/22,2.7,
2015/10/21,2.5,
2015/10/20,3.9,
2015/10/19,2,
2015/10/16,2.4,
2015/10/15,2.4,
2015/10/14,3.3,
2015/10/13,2.6,
2015/10/9,2.5,
2015/10/8,4.2,
2015/10/7,3.8,
2015/10/6,3.5,
2015/10/5,3.2,
2015/10/2,2.7,
2015/10/1,4,
2015/9/30,6.5,
2015/9/29,17.6,
2015/9/28,13.7,
2015/9/25,13.6,
2015/9/24,17.1,
2015/9/18,13.4,
2015/9/17,11.9,
2015/9/16,12.8,
2015/9/15,15.8,
2015/9/14,13.7,
2015/9/11,11.9,
2015/9/10,10.9,
2015/9/9,8.9,
2015/9/8,15.7,
2015/9/7,12.6,
2015/9/4,14.3,
2015/9/3,10.6,
2015/9/2,10.1,
2015/9/1,9.6,
2015/8/31,8.6,
2015/8/28,8,
2015/8/27,8.8,
2015/8/26,9.4,
2015/8/25,4,
2015/8/24,3.6,
2015/8/21,3.7,
2015/8/20,1.5,
2015/8/19,1.1,
2015/8/18,1,
2015/8/17,0.9,
2015/8/14,1.1,
2015/8/13,0.9,
2015/8/12,1.3,
2015/8/11,0.9,
2015/8/10,1.1,
2015/8/7,1.1,
2015/8/6,1,
2015/8/5,1,
2015/8/4,1,
2015/8/3,1.4,
2015/7/31,1.2,
2015/7/30,1.2,
2015/7/29,1.3,
2015/7/28,1.2,
2015/7/27,1,
2015/7/24,0.8,
2015/7/23,0.9,
2015/7/22,0.9,
2015/7/21,0.9,
2015/7/17,1,
2015/7/16,1,
2015/7/15,0.8,
2015/7/14,0.9,
2015/7/13,1.2,
2015/7/10,2.3,
2015/7/9,1.8,
2015/7/8,2.1,
2015/7/7,1,
2015/7/6,1.2,
2015/7/3,0.9,
2015/7/2,0.9,
2015/7/1,1.1,
2015/6/30,1.2,
2015/6/29,1.7,
2015/6/26,0.8,
2015/6/25,0.8,
2015/6/24,0.8,
2015/6/23,0.7,
2015/6/22,0.8,
2015/6/19,0.9,
2015/6/18,0.9,
2015/6/17,0.9,
2015/6/16,0.8,
2015/6/15,0.7,
2015/6/12,0.6,
2015/6/11,0.7,
2015/6/10,0.8,
2015/6/9,0.7,
2015/6/8,0.8,
2015/6/5,0.8,
2015/6/4,0.8,
2015/6/3,0.8,
2015/6/2,0.8,
2015/6/1,0.7,
2015/5/29,0.6,
2015/5/28,0.7,
2015/5/27,0.7,
2015/5/26,0.7,
2015/5/25,0.8,
2015/5/22,0.8,
2015/5/21,0.8,
2015/5/20,0.8,
2015/5/19,0.8,
2015/5/18,0.8,
2015/5/15,0.9,
2015/5/14,1,
2015/5/13,0.8,
2015/5/12,0.8,
2015/5/11,0.9,
2015/5/8,1.1,
2015/5/7,0.9,
2015/5/1,1,
2015/4/30,1.1,
2015/4/28,0.8,
2015/4/27,0.8,
2015/4/24,0.8,
2015/4/23,0.7,
2015/4/22,0.8,
2015/4/21,0.9,
2015/4/20,0.9,
2015/4/17,0.9,
2015/4/16,0.8,
2015/4/15,0.6,
2015/4/14,0.7,
2015/4/13,0.7,
2015/4/10,0.7,
2015/4/9,0.7,
2015/4/8,0.7,
2015/4/7,0.7,
2015/4/6,0.7,
2015/4/3,0.7,
2015/4/2,0.7,
2015/4/1,0.8,
2015/3/31,0.7,
2015/3/30,0.6,
2015/3/27,0.6,
2015/3/26,0.6,
2015/3/25,0.5,
2015/3/24,0.4,
2015/3/23,0.5,
2015/3/20,0.5,
2015/3/19,0.5,
2015/3/18,0.4,
2015/3/17,0.5,
2015/3/16,0.5,
2015/3/13,0.5,
2015/3/12,0.6,
2015/3/11,0.5,
2015/3/10,0.7,
2015/3/9,0.7,
2015/3/6,0.6,
2015/3/5,0.7,
2015/3/4,0.6,
2015/3/3,0.5,
2015/3/2,0.6,
2015/2/27,0.5,
2015/2/26,0.6,
2015/2/25,0.7,
2015/2/24,0.5,
2015/2/23,0.5,
2015/2/20,0.6,
2015/2/19,0.5,
2015/2/18,0.7,
2015/2/17,0.7,
2015/2/16,0.7,
2015/2/13,0.7,
2015/2/12,0.7,
2015/2/10,1,
2015/2/9,0.9,
2015/2/6,1.1,
2015/2/5,1.1,
2015/2/4,1,
2015/2/3,1.1,
2015/2/2,1,
2015/1/30,1,
2015/1/29,0.8,
2015/1/28,0.7,
2015/1/27,0.7,
2015/1/26,0.9,
2015/1/23,1.1,
2015/1/22,1.1,
2015/1/21,1.1,
2015/1/20,1.3,
2015/1/19,1.4,
2015/1/16,1.5,
2015/1/15,1.3,
2015/1/14,1.4,
2015/1/13,1.2,
2015/1/9,1.1,
2015/1/8,1,
2015/1/7,1.1,
2015/1/6,1.3,
2015/1/5,1,
2014/12/30,1.5,
2014/12/29,1.3,
2014/12/26,1.3,
2014/12/25,1.5,
2014/12/24,1.3,
2014/12/22,1.9,
2014/12/19,1.7,
2014/12/18,2,
2014/12/17,2.1,
2014/12/16,1.6,
2014/12/15,1.5,
2014/12/12,1.3,
2014/12/11,1.5,
2014/12/10,1.3,
2014/12/9,1,
2014/12/8,0.6,
2014/12/5,0.5,
2014/12/4,0.5,
2014/12/3,0.5,
2014/12/2,0.5,
2014/12/1,0.5,
2014/11/28,0.6,
2014/11/27,0.5,
2014/11/26,0.6,
2014/11/25,0.4,
2014/11/21,0.5,
2014/11/20,0.6,
2014/11/19,0.5,
2014/11/18,0.6,
2014/11/17,0.8,
2014/11/14,0.7,
2014/11/13,0.9,
2014/11/12,1.2,
2014/11/11,1,
2014/11/10,1,
2014/11/7,1.3,
2014/11/6,1.8,
2014/11/5,1.8,
2014/11/4,2.4,
2014/10/31,2.3,
2014/10/30,2.5,
2014/10/29,2.8,
2014/10/28,3.7,
2014/10/27,3.5,
2014/10/24,3.2,
2014/10/23,3.4,
2014/10/22,3.3,
2014/10/21,4.7,
2014/10/20,3.1,
2014/10/17,7.6,
2014/10/16,4.9,
2014/10/15,2.8,
2014/10/14,3.2,
2014/10/10,2.2,
2014/10/9,1.7,
2014/10/8,1.5,
2014/10/7,1.3,
2014/10/6,1.2,
2014/10/3,1.5,
2014/10/2,1.4,
2014/10/1,1.3,
2014/9/30,1.2,
2014/9/29,1.2,
2014/9/26,1.2,
2014/9/25,1.1,
2014/9/24,1.1,
2014/9/22,1.1,
2014/9/19,1.1,
2014/9/18,1.1,
2014/9/17,1.2,
2014/9/16,1.2,
2014/9/12,1,
2014/9/11,1.4,
2014/9/10,1.1,
2014/9/9,1.3,
2014/9/8,1.3,
2014/9/5,1.4,
2014/9/4,1.6,
2014/9/3,1.5,
2014/9/2,1.5,
2014/9/1,1.6,
2014/8/29,1.6,
2014/8/28,1.4,
2014/8/27,1.4,
2014/8/26,1.4,
2014/8/25,1.2,
2014/8/22,1.4,
2014/8/21,1.5,
2014/8/20,1.5,
2014/8/19,1.4,
2014/8/18,1.5,
2014/8/15,1.5,
2014/8/14,1.7,
2014/8/13,1.8,
2014/8/12,2.1,
2014/8/11,2.4,
2014/8/8,3.5,
2014/8/7,1.9,
2014/8/6,1.9,
2014/8/5,1.7,
2014/8/4,1.5,
2014/8/1,1.6,
2014/7/31,1.6,
2014/7/30,1.8,
2014/7/29,1.8,
2014/7/28,1.9,
2014/7/25,2,
2014/7/24,1.9,
2014/7/23,1.8,
2014/7/22,1.8,
2014/7/18,2.1,
2014/7/17,1.9,
2014/7/16,2.1,
2014/7/15,2,
2014/7/14,2.2,
2014/7/11,2.1,
2014/7/10,2.2,
2014/7/9,2.1,
2014/7/8,2.1,
2014/7/7,1.9,
2014/7/4,1.6,
2014/7/3,1.6,
2014/7/2,1.6,
2014/7/1,1.6,
2014/6/30,1.7,
2014/6/27,1.7,
2014/6/26,1.6,
2014/6/25,1.3,
2014/6/24,1.3,
2014/6/23,1.3,
2014/6/20,1.4,
2014/6/19,1.5,
2014/6/18,1.8,
2014/6/17,1.9,
2014/6/16,1.7,
2014/6/13,1.6,
2014/6/12,1.6,
2014/6/11,1.5,
2014/6/10,1.9,
2014/6/9,1.8,
2014/6/6,1.7,
2014/6/5,1.7,
2014/6/4,1.9,
2014/6/3,1.8,
2014/6/2,2.1,
2014/5/30,2.3,
2014/5/29,2.4,
2014/5/28,2.4,
2014/5/27,2.3,
2014/5/26,2.4,
2014/5/23,2,
2014/5/22,2.1,
2014/5/21,2.7,
2014/5/20,3.2,
2014/5/19,3.2,
2014/5/16,3.6,
2014/5/15,3.7,
2014/5/14,4,
2014/5/13,4,
2014/5/12,4.4,
2014/5/9,3.9,
2014/5/8,4,
2014/5/7,3.9,
2014/5/2,3.1,
2014/5/1,2.7,
2014/4/30,2.9,
2014/4/28,3,
2014/4/25,2.4,
2014/4/24,2.9,
2014/4/23,2.5,
2014/4/22,2.5,
2014/4/21,2.5,
2014/4/18,3.4,
2014/4/17,3.3,
2014/4/16,4.1,
2014/4/15,4.9,
2014/4/14,5.8,
2014/4/11,5.1,
2014/4/10,3.6,
2014/4/9,3.1,
2014/4/8,2.5,
2014/4/7,2.5,
2014/4/4,2.2,
2014/4/3,2.2,
2014/4/2,2.4,
2014/4/1,2.4,
2014/3/31,2.4,
2014/3/28,2,
2014/3/27,2.6,
2014/3/26,2.8,
2014/3/25,2.1,
2014/3/24,2,
2014/3/20,2.7,
2014/3/19,2.7,
2014/3/18,2.7,
2014/3/17,2.5,
2014/3/14,1.9,
2014/3/13,1.5,
2014/3/12,1.4,
2014/3/11,1.7,
2014/3/10,1.8,
2014/3/7,1.7,
2014/3/6,2.2,
2014/3/5,1.9,
2014/3/4,2.2,
2014/3/3,2.8,
2014/2/28,2.8,
2014/2/27,2.9,
2014/2/26,2.8,
2014/2/25,2.4,
2014/2/24,2.9,
2014/2/21,2.8,
2014/2/20,3.7,
2014/2/19,2.3,
2014/2/18,2.8,
2014/2/17,5,
2014/2/14,5.6,
2014/2/13,4,
2014/2/12,3,
2014/2/10,3.9,
2014/2/7,5.5,
2014/2/6,7,
2014/2/5,6.7,
2014/2/4,7.1,
2014/2/3,3.7,
2014/1/31,3.1,
2014/1/30,2.3,
2014/1/29,1.4,
2014/1/28,1.7,
2014/1/27,1.8,
2014/1/24,1.6,
2014/1/23,1.6,
2014/1/22,1.6,
2014/1/21,1.6,
2014/1/20,1.4,
2014/1/17,1.2,
2014/1/16,1.4,
2014/1/15,1.7,
2014/1/14,2,
2014/1/10,1.7,
2014/1/9,1.8,
2014/1/8,1.3,
2014/1/7,1.3,
2014/1/6,1.4,
2013/12/30,1.5,
2013/12/27,1.6,
2013/12/26,1.5,
2013/12/25,1.6,
2013/12/24,1.7,
2013/12/20,1.8,
2013/12/19,1.5,
2013/12/18,1.3,
2013/12/17,1.4,
2013/12/16,1.3,
2013/12/13,1.1,
2013/12/12,1.2,
2013/12/11,1.3,
2013/12/10,1.3,
2013/12/9,1.2,
2013/12/6,1.4,
2013/12/5,1.5,
2013/12/4,1.4,
2013/12/3,1.4,
2013/12/2,1.2,
2013/11/29,1.4,
2013/11/28,1.2,
2013/11/27,1.5,
2013/11/26,1.4,
2013/11/25,1.3,
2013/11/22,1.4,
2013/11/21,1.4,
2013/11/20,1.6,
2013/11/19,1.5,
2013/11/18,1.3,
2013/11/15,1.3,
2013/11/14,1.5,
2013/11/13,1.8,
2013/11/12,2,
2013/11/11,2.4,
2013/11/8,2.5,
2013/11/7,2.6,
2013/11/6,2.5,
2013/11/5,2.9,
2013/11/1,2.9,
2013/10/31,2.8,
2013/10/30,2.7,
2013/10/29,3.1,
2013/10/28,2.8,
2013/10/25,2.8,
2013/10/24,2.6,
2013/10/23,2.6,
2013/10/22,2.7,
2013/10/21,2.7,
2013/10/18,2.9,
2013/10/17,2.6,
2013/10/16,2.1,
2013/10/15,2.6,
2013/10/11,2.6,
2013/10/10,2.6,
2013/10/9,2.2,
2013/10/8,2.1,
2013/10/7,2.1,
2013/10/4,1.9,
2013/10/3,2,
2013/10/2,1.9,
2013/10/1,1.8,
2013/9/30,1.6,
2013/9/27,1.7,
2013/9/26,1.6,
2013/9/25,1.9,
2013/9/24,1.7,
2013/9/20,1.8,
2013/9/19,2,
2013/9/18,1.9,
2013/9/17,1.8,
2013/9/13,1.9,
2013/9/12,1.9,
2013/9/11,2.2,
2013/9/10,2.4,
2013/9/9,2.3,
2013/9/6,2.9,
2013/9/5,2.2,
2013/9/4,1.9,
2013/9/3,2.1,
2013/9/2,2.4,
2013/8/30,3.5,
2013/8/29,3.7,
2013/8/28,4,
2013/8/27,3.7,
2013/8/26,3.3,
2013/8/23,3.3,
2013/8/22,4.2,
2013/8/21,3.7,
2013/8/20,3.9,
2013/8/19,3.1,
2013/8/16,2.9,
2013/8/15,2.8,
2013/8/14,2.5,
2013/8/13,2.3,
2013/8/12,3.2,
2013/8/9,2.6,
2013/8/8,2.7,
2013/8/7,2.4,
2013/8/6,1.8,
2013/8/5,1.8,
2013/8/2,1.3,
2013/8/1,1.4,
2013/7/31,1.8,
2013/7/30,1.7,
2013/7/29,1.9,
2013/7/26,1.4,
2013/7/25,1.4,
2013/7/24,1.2,
2013/7/23,1.1,
2013/7/22,1,
2013/7/19,1,
2013/7/18,1.4,
2013/7/17,1.3,
2013/7/16,1.5,
2013/7/12,1.2,
2013/7/11,1.2,
2013/7/10,1.2,
2013/7/9,1.5,
2013/7/8,1.2,
2013/7/5,1.4,
2013/7/4,1.4,
2013/7/3,1.9,
2013/7/2,1.7,
2013/7/1,1.8,
2013/6/28,2.5,
2013/6/27,3.1,
2013/6/26,6.3,
2013/6/25,5,
2013/6/24,8.3,
2013/6/21,8.8,
2013/6/20,7.4,
2013/6/19,6.4,
2013/6/18,5.9,
2013/6/17,5,
2013/6/14,3.8,
2013/6/13,3.7,
2013/6/12,2.6,
2013/6/11,1.8,
2013/6/10,1.5,
2013/6/7,2.5,
2013/6/6,2.5,
2013/6/5,2.6,
2013/6/4,1.9,
2013/6/3,2.2,
2013/5/31,1.4,
2013/5/30,1.7,
2013/5/29,0.9,
2013/5/28,0.9,
2013/5/27,1.1,
2013/5/24,0.9,
2013/5/23,0.9,
2013/5/22,2.7,
2013/5/21,2.7,
2013/5/20,2.5,
2013/5/17,2.4,
2013/5/16,2.2,
2013/5/15,1.6,
2013/5/14,1.9,
2013/5/13,2.1,
2013/5/10,1,
2013/5/9,1.4,
2013/5/8,1.3,
2013/5/7,1.5,
2013/5/2,2.1,
2013/5/1,1.9,
2013/4/30,1.5,
2013/4/26,1.4,
2013/4/25,1.4,
2013/4/24,1.6,
2013/4/23,1.8,
2013/4/22,1.9,
2013/4/19,2.9,
2013/4/18,2.5,
2013/4/17,1.9,
2013/4/16,2.6,
2013/4/15,2.1,
2013/4/12,1.5,
2013/4/11,1.4,
2013/4/10,1.7,
2013/4/9,1.8,
2013/4/8,1.6,
2013/4/5,2,
2013/4/4,1.5,
2013/4/3,1.8,
2013/4/2,3.2,
2013/4/1,2.2,
2013/3/29,1.5,
2013/3/28,2,
2013/3/27,1.4,
2013/3/26,1.4,
2013/3/25,1.2,
2013/3/22,1.8,
2013/3/21,1.2,
2013/3/19,1.3,
2013/3/18,1.4,
2013/3/15,1,
2013/3/14,1.4,
2013/3/13,1.3,
2013/3/12,1.5,
2013/3/11,1.5,
2013/3/8,1.6,
2013/3/7,1.7,
2013/3/6,1.3,
2013/3/5,1.8,
2013/3/4,1.8,
2013/3/1,1.7,
2013/2/28,1.8,
2013/2/27,3.6,
2013/2/26,2.1,
2013/2/25,1.5,
2013/2/22,1.4,
2013/2/21,1.6,
2013/2/20,1.5,
2013/2/19,1.9,
2013/2/18,1.7,
2013/2/15,2.1,
2013/2/14,1.6,
2013/2/13,2.1,
2013/2/12,1.8,
2013/2/8,1.4,
2013/2/7,0.9,
2013/2/6,0.6,
2013/2/5,0.8,
2013/2/4,0.6,
2013/2/1,0.6,
2013/1/31,0.9,
2013/1/30,0.8,
2013/1/29,1,
2013/1/28,1,
2013/1/25,0.6,
2013/1/24,0.6,
2013/1/23,0.7,
2013/1/22,0.6,
2013/1/21,0.7,
2013/1/18,0.7,
2013/1/17,0.6,
2013/1/16,0.6,
2013/1/15,0.4,
2013/1/11,0.4,
2013/1/10,0.4,
2013/1/9,0.4,
2013/1/8,0.4,
2013/1/7,0.4,
2013/1/4,0.3,
2012/12/28,1,
2012/12/27,1,
2012/12/26,1.2,
2012/12/25,1,
2012/12/21,1.1,
2012/12/20,0.7,
2012/12/19,0.6,
2012/12/18,0.7,
2012/12/17,0.8,
2012/12/14,0.8,
2012/12/13,0.9,
2012/12/12,0.9,
2012/12/11,0.8,
2012/12/10,0.9,
2012/12/7,0.8,
2012/12/6,0.7,
2012/12/5,0.7,
2012/12/4,0.7,
2012/12/3,0.7,
2012/11/30,0.8,
2012/11/29,0.9,
2012/11/28,1.1,
2012/11/27,1,
2012/11/26,1.3,
2012/11/22,1.3,
2012/11/21,1.3,
2012/11/20,1.3,
2012/11/19,1.4,
2012/11/16,1.7,
2012/11/15,1.9,
2012/11/14,2,
2012/11/13,2.5,
2012/11/12,2.6,
2012/11/9,3,
2012/11/8,2.3,
2012/11/7,1.7,
2012/11/6,1.8,
2012/11/5,1.8,
2012/11/2,1.8,
2012/11/1,2.4,
2012/10/31,3,
2012/10/30,3.8,
2012/10/29,3.4,
2012/10/26,3.6,
2012/10/25,2.6,
2012/10/24,2.9,
2012/10/23,3,
2012/10/22,2.6,
2012/10/19,2.2,
2012/10/18,2.3,
2012/10/17,2.6,
2012/10/16,2.7,
2012/10/15,2.7,
2012/10/12,2.4,
2012/10/11,3,
2012/10/10,2.8,
2012/10/9,2.1,
2012/10/5,1.9,
2012/10/4,2.2,
2012/10/3,2.8,
2012/10/2,2.3,
2012/10/1,2.5,
2012/9/28,2.2,
2012/9/27,1.8,
2012/9/26,1.8,
2012/9/25,1.4,
2012/9/24,1.3,
2012/9/21,1.2,
2012/9/20,1.2,
2012/9/19,1,
2012/9/18,1.2,
2012/9/14,1,
2012/9/13,1.3,
2012/9/12,1.2,
2012/9/11,1.3,
2012/9/10,1.1,
2012/9/7,1,
2012/9/6,1.2,
2012/9/5,1.1,
2012/9/4,0.9,
2012/9/3,0.9,
2012/8/31,0.7,
2012/8/30,0.5,
2012/8/29,0.3,
2012/8/28,0.4,
2012/8/27,0.4,
2012/8/24,0.5,
2012/8/23,0.5,
2012/8/22,0.5,
2012/8/21,0.5,
2012/8/20,0.5,
2012/8/17,0.5,
2012/8/16,0.6,
2012/8/15,0.7,
2012/8/14,0.7,
2012/8/13,0.7,
2012/8/10,0.8,
2012/8/9,0.7,
2012/8/8,0.8,
2012/8/7,0.8,
2012/8/6,0.8,
2012/8/3,0.9,
2012/8/2,0.9,
2012/8/1,0.9,
2012/7/31,0.9,
2012/7/30,1.2,
2012/7/27,1.4,
2012/7/26,1.8,
2012/7/25,1.9,
2012/7/24,1.4,
2012/7/23,1.2,
2012/7/20,0.8,
2012/7/19,0.6,
2012/7/18,0.7,
2012/7/17,1,
2012/7/13,0.9,
2012/7/12,1.1,
2012/7/11,0.9,
2012/7/10,0.8,
2012/7/9,0.8,
2012/7/6,0.8,
2012/7/5,0.9,
2012/7/4,1.1,
2012/7/3,1.5,
2012/7/2,1.6,
2012/6/29,1.8,
2012/6/28,2.1,
2012/6/27,2.5,
2012/6/26,2.8,
2012/6/25,2.9,
2012/6/22,2.5,
2012/6/21,2.9,
2012/6/20,5.1,
2012/6/19,5.5,
2012/6/18,7.2,
2012/6/15,10.7,
2012/6/14,10.9,
2012/6/13,8,
2012/6/12,5.4,
2012/6/11,4.2,
2012/6/8,5.1,
2012/6/7,3.7,
2012/6/6,4,
2012/6/5,12.8,
2012/6/4,23.5,
2012/6/1,13.2,
2012/5/31,9.5,
2012/5/30,8.3,
2012/5/29,10,
2012/5/28,10.5,
2012/5/25,10.8,
2012/5/24,9.5,
2012/5/23,10,
2012/5/22,7.9,
2012/5/21,9.6,
2012/5/18,9.7,
2012/5/17,3.3,
2012/5/16,4.9,
2012/5/15,3.7,
2012/5/14,2.9,
2012/5/11,4.6,
2012/5/10,5.5,
2012/5/9,7.2,
2012/5/8,12.2,
2012/5/7,8.5,
2012/5/2,15.7,
2012/5/1,12.1,
2012/4/27,9.6,
2012/4/26,9,
2012/4/25,8.8,
2012/4/24,9.4,
2012/4/23,8,
2012/4/20,6.5,
2012/4/19,5.7,
2012/4/18,4,
2012/4/17,4.9,
2012/4/16,5.4,
2012/4/13,3,
2012/4/12,3.2,
2012/4/11,3.5,
2012/4/10,3.4,
2012/4/9,3.5,
2012/4/6,2.7,
2012/4/5,2.2,
2012/4/4,2,
2012/4/3,1.3,
2012/4/2,1.3,
2012/3/30,1.4,
2012/3/29,1.3,
2012/3/28,1.1,
2012/3/27,1,
2012/3/26,1.1,
2012/3/23,0.9,
2012/3/22,0.8,
2012/3/21,0.8,
2012/3/19,0.7,
2012/3/16,0.6,
2012/3/15,0.6,
2012/3/14,0.7,
2012/3/13,0.8,
2012/3/12,0.9,
2012/3/9,0.8,
2012/3/8,0.8,
2012/3/7,0.9,
2012/3/6,0.7,
2012/3/5,0.6,
2012/3/2,0.5,
2012/3/1,0.6,
2012/2/29,0.6,
2012/2/28,0.4,
2012/2/27,0.4,
2012/2/24,0.4,
2012/2/23,0.4,
2012/2/22,0.4,
2012/2/21,0.4,
2012/2/20,0.4,
2012/2/17,0.5,
2012/2/16,0.5,
2012/2/15,0.5,
2012/2/14,0.6,
2012/2/13,0.8,
2012/2/10,0.8,
2012/2/9,0.8,
2012/2/8,0.6,
2012/2/7,0.7,
2012/2/6,0.8,
2012/2/3,1,
2012/2/2,1,
2012/2/1,1.1,
2012/1/31,1.1,
2012/1/30,0.9,
2012/1/27,0.8,
2012/1/26,0.8,
2012/1/25,0.8,
2012/1/24,0.9,
2012/1/23,1,
2012/1/20,1.1,
2012/1/19,1.2,
2012/1/18,1.4,
2012/1/17,1.6,
2012/1/16,2,
2012/1/13,1.5,
2012/1/12,1.5,
2012/1/11,0.9,
2012/1/10,0.8,
2012/1/6,0.8,
2012/1/5,0.6,
2012/1/4,0.5,
2011/12/30,,
2011/12/29,,
2011/12/28,,
2011/12/27,,
2011/12/26,,
2011/12/22,,
2011/12/21,,
2011/12/20,,
2011/12/19,,
2011/12/16,,
2011/12/15,,
2011/12/14,,
2011/12/13,,
2011/12/12,,
2011/12/9,,
2011/12/8,,
2011/12/7,,
2011/12/6,,
2011/12/5,,
2011/12/2,,
2011/12/1,,
2011/11/30,,
2011/11/29,,
2011/11/28,,
2011/11/25,,
2011/11/24,,
2011/11/22,,
2011/11/21,,
2011/11/18,,
2011/11/17,,
2011/11/16,,
2011/11/15,,
2011/11/14,,
2011/11/11,,
2011/11/10,,
2011/11/9,,
2011/11/8,,
2011/11/7,,
2011/11/4,,
2011/11/2,,
2011/11/1,,
2011/10/31,,
2011/10/28,,
2011/10/27,,
2011/10/26,,
2011/10/25,,
2011/10/24,,
2011/10/21,,
2011/10/20,,
2011/10/19,,
2011/10/18,,
2011/10/17,,
2011/10/14,,
2011/10/13,,
2011/10/12,,
2011/10/11,,
2011/10/7,,
2011/10/6,,
2011/10/5,,
2011/10/4,,
2011/10/3,,
2011/9/30,,
2011/9/29,,
2011/9/28,,
2011/9/27,,
2011/9/26,,
2011/9/22,,
2011/9/21,,
2011/9/20,,
2011/9/16,,
2011/9/15,,
2011/9/14,,
2011/9/13,,
2011/9/12,,
2011/9/9,,
2011/9/8,,
2011/9/7,,
2011/9/6,,
2011/9/5,,
2011/9/2,,
2011/9/1,,
2011/8/31,,
2011/8/30,,
2011/8/29,,
2011/8/26,,
2011/8/25,,
2011/8/24,,
2011/8/23,,
2011/8/22,,
2011/8/19,,
2011/8/18,,
2011/8/17,,
2011/8/16,,
2011/8/15,,
2011/8/12,,
2011/8/11,,
2011/8/10,,
2011/8/9,,
2011/8/8,,
2011/8/5,,
2011/8/4,,
2011/8/3,,
2011/8/2,,
2011/8/1,,
2011/7/29,,
2011/7/28,,
2011/7/27,,
2011/7/26,,
2011/7/25,,
2011/7/22,,
2011/7/21,,
2011/7/20,,
2011/7/19,,
2011/7/15,,
2011/7/14,,
2011/7/13,,
2011/7/12,,
2011/7/11,,
2011/7/8,,
2011/7/7,,
2011/7/6,,
2011/7/5,,
2011/7/4,,
2011/7/1,,
2011/6/30,,
2011/6/29,,
2011/6/28,,
2011/6/27,,
2011/6/24,,
2011/6/23,,
2011/6/22,,
2011/6/21,,
2011/6/20,,
2011/6/17,,
2011/6/16,,
2011/6/15,,
2011/6/14,,
2011/6/13,,
2011/6/10,,
2011/6/9,,
2011/6/8,,
2011/6/7,,
2011/6/6,,
2011/6/3,,
2011/6/2,,
2011/6/1,,
2011/5/31,,
2011/5/30,,
2011/5/27,,
2011/5/26,,
2011/5/25,,
2011/5/24,,
2011/5/23,,
2011/5/20,,
2011/5/19,,
2011/5/18,,
2011/5/17,,
2011/5/16,,
2011/5/13,,
2011/5/12,,
2011/5/11,,
2011/5/10,,
2011/5/9,,
2011/5/6,,
2011/5/2,,
2011/4/28,,
2011/4/27,,
2011/4/26,,
2011/4/25,,
2011/4/22,,
2011/4/21,,
2011/4/20,,
2011/4/19,,
2011/4/18,,
2011/4/15,,
2011/4/14,,
2011/4/13,,
2011/4/12,,
2011/4/11,,
2011/4/8,,
2011/4/7,,
2011/4/6,,
2011/4/5,,
2011/4/4,,
2011/4/1,,
2011/3/31,,
2011/3/30,,
2011/3/29,,
2011/3/28,,
2011/3/25,,
2011/3/24,,
2011/3/23,,
2011/3/22,,
2011/3/18,,
2011/3/17,,
2011/3/16,,
2011/3/15,,
2011/3/14,,
2011/3/11,,
2011/3/10,,
2011/3/9,,
2011/3/8,,
2011/3/7,,
2011/3/4,,
2011/3/3,,
2011/3/2,,
2011/3/1,,
2011/2/28,,
2011/2/25,,
2011/2/24,,
2011/2/23,,
2011/2/22,,
2011/2/21,,
2011/2/18,,
2011/2/17,,
2011/2/16,,
2011/2/15,,
2011/2/14,,
2011/2/10,,
2011/2/9,,
2011/2/8,,
2011/2/7,,
2011/2/4,,
2011/2/3,,
2011/2/2,,
2011/2/1,,
2011/1/31,,
2011/1/28,,
2011/1/27,,
2011/1/26,,
2011/1/25,,
2011/1/24,,
2011/1/21,,
2011/1/20,,
2011/1/19,,
2011/1/18,,
2011/1/17,,
2011/1/14,,
2011/1/13,,
2011/1/12,,
2011/1/11,,
2011/1/7,,
2011/1/6,,
2011/1/5,,
2011/1/4,,
2010/12/30,,
2010/12/29,,
2010/12/28,,
2010/12/27,,
2010/12/24,,
2010/12/22,,
2010/12/21,,
2010/12/20,,
2010/12/17,,
2010/12/16,,
2010/12/15,,
2010/12/14,,
2010/12/13,,
2010/12/10,,
2010/12/9,,
2010/12/8,,
2010/12/7,,
2010/12/6,,
2010/12/3,,
2010/12/2,,
2010/12/1,,
2010/11/30,,
2010/11/29,,
2010/11/26,,
2010/11/25,,
2010/11/24,,
2010/11/22,,
2010/11/19,,
2010/11/18,,
2010/11/17,,
2010/11/16,,
2010/11/15,,
2010/11/12,,
2010/11/11,,
2010/11/10,,
2010/11/9,,
2010/11/8,,
2010/11/5,,
2010/11/4,,
2010/11/2,,
2010/11/1,,
2010/10/29,,
2010/10/28,,
2010/10/27,,
2010/10/26,,
2010/10/25,,
2010/10/22,,
2010/10/21,,
2010/10/20,,
2010/10/19,,
2010/10/18,,
2010/10/15,,
2010/10/14,,
2010/10/13,,
2010/10/12,,
2010/10/8,,
2010/10/7,,
2010/10/6,,
2010/10/5,,
2010/10/4,,
2010/10/1,,
2010/9/30,,
2010/9/29,,
2010/9/28,,
2010/9/27,,
2010/9/24,,
2010/9/22,,
2010/9/21,,
2010/9/17,,
2010/9/16,,
2010/9/15,,
2010/9/14,,
2010/9/13,,
2010/9/10,,
2010/9/9,,
2010/9/8,,
2010/9/7,,
2010/9/6,,
2010/9/3,,
2010/9/2,,
2010/9/1,,
2010/8/31,,
2010/8/30,,
2010/8/27,,
2010/8/26,,
2010/8/25,,
2010/8/24,,
2010/8/23,,
2010/8/20,,
2010/8/19,,
2010/8/18,,
2010/8/17,,
2010/8/16,,
2010/8/13,,
2010/8/12,,
2010/8/11,,
2010/8/10,,
2010/8/9,,
2010/8/6,,
2010/8/5,,
2010/8/4,,
2010/8/3,,
2010/8/2,,
2010/7/30,,
2010/7/29,,
2010/7/28,,
2010/7/27,,
2010/7/26,,
2010/7/23,,
2010/7/22,,
2010/7/21,,
2010/7/20,,
2010/7/16,,
2010/7/15,,
2010/7/14,,
2010/7/13,,
2010/7/12,,
2010/7/9,,
2010/7/8,,
2010/7/7,,
2010/7/6,,
2010/7/5,,
2010/7/2,,
2010/7/1,,
2010/6/30,,
2010/6/29,,
2010/6/28,,
2010/6/25,,
2010/6/24,,
2010/6/23,,
2010/6/22,,
2010/6/21,,
2010/6/18,,
2010/6/17,,
2010/6/16,,
2010/6/15,,
2010/6/14,,
2010/6/11,,
2010/6/10,,
2010/6/9,,
2010/6/8,,
2010/6/7,,
2010/6/4,,
2010/6/3,,
2010/6/2,,
2010/6/1,,
2010/5/31,,
2010/5/28,,
2010/5/27,,
2010/5/26,,
2010/5/25,,
2010/5/24,,
2010/5/21,,
2010/5/20,,
2010/5/19,,
2010/5/18,,
2010/5/17,,
2010/5/14,,
2010/5/13,,
2010/5/12,,
2010/5/11,,
2010/5/10,,
2010/5/7,,
2010/5/6,,
2010/4/30,,
2010/4/28,,
2010/4/27,,
2010/4/26,,
2010/4/23,,
2010/4/22,,
2010/4/21,,
2010/4/20,,
2010/4/19,,
2010/4/16,,
2010/4/15,,
2010/4/14,,
2010/4/13,,
2010/4/12,,
2010/4/9,,
2010/4/8,,
2010/4/7,,
2010/4/6,,
2010/4/5,,
2010/4/2,,
2010/4/1,,
2010/3/31,,
2010/3/30,,
2010/3/29,,
2010/3/26,,
2010/3/25,,
2010/3/24,,
2010/3/23,,
2010/3/19,,
2010/3/18,,
2010/3/17,,
2010/3/16,,
2010/3/15,,
2010/3/12,,
2010/3/11,,
2010/3/10,,
2010/3/9,,
2010/3/8,,
2010/3/5,,
2010/3/4,,
2010/3/3,,
2010/3/2,,
2010/3/1,,
2010/2/26,,
2010/2/25,,
2010/2/24,,
2010/2/23,,
2010/2/22,,
2010/2/19,,
2010/2/18,,
2010/2/17,,
2010/2/16,,
2010/2/15,,
2010/2/12,,
2010/2/10,,
2010/2/9,,
2010/2/8,,
2010/2/5,,
2010/2/4,,
2010/2/3,,
2010/2/2,,
2010/2/1,,
2010/1/29,,
2010/1/28,,
2010/1/27,,
2010/1/26,,
2010/1/25,,
2010/1/22,,
2010/1/21,,
2010/1/20,,
2010/1/19,,
2010/1/18,,
2010/1/15,,
2010/1/14,,
2010/1/13,,
2010/1/12,,
2010/1/8,,
2010/1/7,,
2010/1/6,,
2010/1/5,,
2010/1/4,,
2009/12/30,,
2009/12/29,,
2009/12/28,,
2009/12/25,,
2009/12/24,,
2009/12/22,,
2009/12/21,,
2009/12/18,,
2009/12/17,,
2009/12/16,,
2009/12/15,,
2009/12/14,,
2009/12/11,,
2009/12/10,,
2009/12/9,,
2009/12/8,,
2009/12/7,,
2009/12/4,,
2009/12/3,,
2009/12/2,,
2009/12/1,,
2009/11/30,,
2009/11/27,,
2009/11/26,,
2009/11/25,,
2009/11/24,,
2009/11/20,,
2009/11/19,,
2009/11/18,,
2009/11/17,,
2009/11/16,,
2009/11/13,,
2009/11/12,,
2009/11/11,,
2009/11/10,,
2009/11/9,,
2009/11/6,,
2009/11/5,,
2009/11/4,,
2009/11/2,,
2009/10/30,,
2009/10/29,,
2009/10/28,,
2009/10/27,,
2009/10/26,,
2009/10/23,,
2009/10/22,,
2009/10/21,,
2009/10/20,,
2009/10/19,,
2009/10/16,,
2009/10/15,,
2009/10/14,,
2009/10/13,,
2009/10/9,,
2009/10/8,,
2009/10/7,,
2009/10/6,,
2009/10/5,,
2009/10/2,,
2009/10/1,,
2009/9/30,,
2009/9/29,,
2009/9/28,,
2009/9/25,,
2009/9/24,,
2009/9/18,,
2009/9/17,,
2009/9/16,,
2009/9/15,,
2009/9/14,,
2009/9/11,,
2009/9/10,,
2009/9/9,,
2009/9/8,,
2009/9/7,,
2009/9/4,,
2009/9/3,,
2009/9/2,,
2009/9/1,,
2009/8/31,,
2009/8/28,,
2009/8/27,,
2009/8/26,,
2009/8/25,,
2009/8/24,,
2009/8/21,,
2009/8/20,,
2009/8/19,,
2009/8/18,,
2009/8/17,,
2009/8/14,,
2009/8/13,,
2009/8/12,,
2009/8/11,,
2009/8/10,,
2009/8/7,,
2009/8/6,,
2009/8/5,,
2009/8/4,,
2009/8/3,,
2009/7/31,,
2009/7/30,,
2009/7/29,,
2009/7/28,,
2009/7/27,,
2009/7/24,,
2009/7/23,,
2009/7/22,,
2009/7/21,,
2009/7/17,,
2009/7/16,,
2009/7/15,,
2009/7/14,,
2009/7/13,,
2009/7/10,,
2009/7/9,,
2009/7/8,,
2009/7/7,,
2009/7/6,,
2009/7/3,,
2009/7/2,,
2009/7/1,,
2009/6/30,,
2009/6/29,,
2009/6/26,,
2009/6/25,,
2009/6/24,,
2009/6/23,,
2009/6/22,,
2009/6/19,,
2009/6/18,,
2009/6/17,,
2009/6/16,,
2009/6/15,,
2009/6/12,,
2009/6/11,,
2009/6/10,,
2009/6/9,,
2009/6/8,,
2009/6/5,,
2009/6/4,,
2009/6/3,,
2009/6/2,,
2009/6/1,,
2009/5/29,,
2009/5/28,,
2009/5/27,,
2009/5/26,,
2009/5/25,,
2009/5/22,,
2009/5/21,,
2009/5/20,,
2009/5/19,,
2009/5/18,,
2009/5/15,,
2009/5/14,,
2009/5/13,,
2009/5/12,,
2009/5/11,,
2009/5/8,,
2009/5/7,,
2009/5/1,,
2009/4/30,,
2009/4/28,,
2009/4/27,,
2009/4/24,,
2009/4/23,,
2009/4/22,,
2009/4/21,,
2009/4/20,,
2009/4/17,,
2009/4/16,,
2009/4/15,,
2009/4/14,,
2009/4/13,,
2009/4/10,,
2009/4/9,,
2009/4/8,,
2009/4/7,,
2009/4/6,,
2009/4/3,,
2009/4/2,,
2009/4/1,,
2009/3/31,,
2009/3/30,,
2009/3/27,,
2009/3/26,,
2009/3/25,,
2009/3/24,,
2009/3/23,,
2009/3/19,,
2009/3/18,,
2009/3/17,,
2009/3/16,,
2009/3/13,,
2009/3/12,,
2009/3/11,,
2009/3/10,,
2009/3/9,,
2009/3/6,,
2009/3/5,,
2009/3/4,,
2009/3/3,,
2009/3/2,,
2009/2/27,,
2009/2/26,,
2009/2/25,,
2009/2/24,,
2009/2/23,,
2009/2/20,,
2009/2/19,,
2009/2/18,,
2009/2/17,,
2009/2/16,,
2009/2/13,,
2009/2/12,,
2009/2/10,,
2009/2/9,,
2009/2/6,,
2009/2/5,,
2009/2/4,,
2009/2/3,,
2009/2/2,,
2009/1/30,,
2009/1/29,,
2009/1/28,,
2009/1/27,,
2009/1/26,,
2009/1/23,,
2009/1/22,,
2009/1/21,,
2009/1/20,,
2009/1/19,,
2009/1/16,,
2009/1/15,,
2009/1/14,,
2009/1/13,,
2009/1/9,,
2009/1/8,,
2009/1/7,,
2009/1/6,,
2009/1/5,,
2008/12/30,,
2008/12/29,,
2008/12/26,,
2008/12/25,,
2008/12/24,,
2008/12/22,,
2008/12/19,,
2008/12/18,,
2008/12/17,,
2008/12/16,,
2008/12/15,,
2008/12/12,,
2008/12/11,,
2008/12/10,,
2008/12/9,,
2008/12/8,,
2008/12/5,,
2008/12/4,,
2008/12/3,,
2008/12/2,,
2008/12/1,,
2008/11/28,,
2008/11/27,,
2008/11/26,,
2008/11/25,,
2008/11/21,,
2008/11/20,,
2008/11/19,,
2008/11/18,,
2008/11/17,,
2008/11/14,,
2008/11/13,,
2008/11/12,,
2008/11/11,,
2008/11/10,,
2008/11/7,,
2008/11/6,,
2008/11/5,,
2008/11/4,,
2008/10/31,,
2008/10/30,,
2008/10/29,,
2008/10/28,,
2008/10/27,,
2008/10/24,,
2008/10/23,,
2008/10/22,,
2008/10/21,,
2008/10/20,,
2008/10/17,,
2008/10/16,,
2008/10/15,,
2008/10/14,,
2008/10/10,,
2008/10/9,,
2008/10/8,,
2008/10/7,,
2008/10/6,,
2008/10/3,,
2008/10/2,,
2008/10/1,,
2008/9/30,,
2008/9/29,,
2008/9/26,,
2008/9/25,,
2008/9/24,,
2008/9/22,,
2008/9/19,,
2008/9/18,,
2008/9/17,,
2008/9/16,,
2008/9/12,,
2008/9/11,,
2008/9/10,,
2008/9/9,,
2008/9/8,,
2008/9/5,,
2008/9/4,,
2008/9/3,,
2008/9/2,,
2008/9/1,,
2008/8/29,,
2008/8/28,,
2008/8/27,,
2008/8/26,,
2008/8/25,,
2008/8/22,,
2008/8/21,,
2008/8/20,,
2008/8/19,,
2008/8/18,,
2008/8/15,,
2008/8/14,,
2008/8/13,,
2008/8/12,,
2008/8/11,,
2008/8/8,,
2008/8/7,,
2008/8/6,,
2008/8/5,,
2008/8/4,,
2008/8/1,,
2008/7/31,,
2008/7/30,,
2008/7/29,,
2008/7/28,,
2008/7/25,,
2008/7/24,,
2008/7/23,,
2008/7/22,,
2008/7/18,,
2008/7/17,,
2008/7/16,,
2008/7/15,,
2008/7/14,,
2008/7/11,,
2008/7/10,,
2008/7/9,,
2008/7/8,,
2008/7/7,,
2008/7/4,,
2008/7/3,,
2008/7/2,,
2008/7/1,,
2008/6/30,,
2008/6/27,,
2008/6/26,,
2008/6/25,,
2008/6/24,,
2008/6/23,,
2008/6/20,,
2008/6/19,,
2008/6/18,,
2008/6/17,,
2008/6/16,,
2008/6/13,,
2008/6/12,,
2008/6/11,,
2008/6/10,,
2008/6/9,,
2008/6/6,,
2008/6/5,,
2008/6/4,,
2008/6/3,,
2008/6/2,,
2008/5/30,,
2008/5/29,,
2008/5/28,,
2008/5/27,,
2008/5/26,,
2008/5/23,,
2008/5/22,,
2008/5/21,,
2008/5/20,,
2008/5/19,,
2008/5/16,,
2008/5/15,,
2008/5/14,,
2008/5/13,,
2008/5/12,,
2008/5/9,,
2008/5/8,,
2008/5/7,,
2008/5/2,,
2008/5/1,,
2008/4/30,,
2008/4/28,,
2008/4/25,,
2008/4/24,,
2008/4/23,,
2008/4/22,,
2008/4/21,,
2008/4/18,,
2008/4/17,,
2008/4/16,,
2008/4/15,,
2008/4/14,,
2008/4/11,,
2008/4/10,,
2008/4/9,,
2008/4/8,,
2008/4/7,,
2008/4/4,,
2008/4/3,,
2008/4/2,,
2008/4/1,,
2008/3/31,,
2008/3/28,,
2008/3/27,,
2008/3/26,,
2008/3/25,,
2008/3/24,,
2008/3/21,,
2008/3/19,,
2008/3/18,,
2008/3/17,,
2008/3/14,,
2008/3/13,,
2008/3/12,,
2008/3/11,,
2008/3/10,,
2008/3/7,,
2008/3/6,,
2008/3/5,,
2008/3/4,,
2008/3/3,,
2008/2/29,,
2008/2/28,,
2008/2/27,,
2008/2/26,,
2008/2/25,,
2008/2/22,,
2008/2/21,,
2008/2/20,,
2008/2/19,,
2008/2/15,,
2008/2/14,,
2008/2/13,,
2008/2/12,,
2008/2/8,,
2008/2/7,,
2008/2/6,,
2008/2/5,,
2008/2/4,,
2008/2/1,,
2008/1/31,,
2008/1/30,,
2008/1/29,,
2008/1/28,,
2008/1/25,,
2008/1/24,,
2008/1/23,,
2008/1/22,,
2008/1/21,,
2008/1/18,,
2008/1/17,,
2008/1/16,,
2008/1/15,,
2008/1/11,,
2008/1/10,,
2008/1/9,,
2008/1/8,,
2008/1/7,,
2008/1/4,,
2007/12/28,,
2007/12/27,,
2007/12/26,,
2007/12/25,,
2007/12/21,,
2007/12/20,,
2007/12/19,,
2007/12/18,,
2007/12/17,,
2007/12/14,,
2007/12/13,,
2007/12/12,,
2007/12/11,,
2007/12/10,,
2007/12/7,,
2007/12/6,,
2007/12/5,,
2007/12/4,,
2007/12/3,,
2007/11/30,,
2007/11/29,,
2007/11/28,,
2007/11/27,,
2007/11/26,,
2007/11/22,,
2007/11/21,,
2007/11/20,,
2007/11/19,,
2007/11/16,,
2007/11/15,,
2007/11/14,,
2007/11/13,,
2007/11/12,,
2007/11/9,,
2007/11/8,,
2007/11/7,,
2007/11/6,,
2007/11/5,,
2007/11/2,,
2007/11/1,,
2007/10/31,,
2007/10/30,,
2007/10/29,,
2007/10/26,,
2007/10/25,,
2007/10/24,,
2007/10/23,,
2007/10/22,,
2007/10/19,,
2007/10/18,,
2007/10/17,,
2007/10/16,,
2007/10/15,,
2007/10/12,,
2007/10/11,,
2007/10/10,,
2007/10/9,,
2007/10/5,,
2007/10/4,,
2007/10/3,,
2007/10/2,,
2007/10/1,,
2007/9/28,,
2007/9/27,,
2007/9/26,,
2007/9/25,,
2007/9/21,,
2007/9/20,,
2007/9/19,,
2007/9/18,,
2007/9/14,,
2007/9/13,,
2007/9/12,,
2007/9/11,,
2007/9/10,,
2007/9/7,,
2007/9/6,,
2007/9/5,,
2007/9/4,,
2007/9/3,,
2007/8/31,,
2007/8/30,,
2007/8/29,,
2007/8/28,,
2007/8/27,,
2007/8/24,,
2007/8/23,,
2007/8/22,,
2007/8/21,,
2007/8/20,,
2007/8/17,,
2007/8/16,,
2007/8/15,,
2007/8/14,,
2007/8/13,,
2007/8/10,,
2007/8/9,,
2007/8/8,,
2007/8/7,,
2007/8/6,,
2007/8/3,,
2007/8/2,,
2007/8/1,,
2007/7/31,,
2007/7/30,,
2007/7/27,,
2007/7/26,,
2007/7/25,,
2007/7/24,,
2007/7/23,,
2007/7/20,,
2007/7/19,,
2007/7/18,,
2007/7/17,,
2007/7/13,,
2007/7/12,,
2007/7/11,,
2007/7/10,,
2007/7/9,,
2007/7/6,,
2007/7/5,,
2007/7/4,,
2007/7/3,,
2007/7/2,,
2007/6/29,,
2007/6/28,,
2007/6/27,,
2007/6/26,,
2007/6/25,,
2007/6/22,,
2007/6/21,,
2007/6/20,,
2007/6/19,,
2007/6/18,,
2007/6/15,,
2007/6/14,,
2007/6/13,,
2007/6/12,,
2007/6/11,,
2007/6/8,,
2007/6/7,,
2007/6/6,,
2007/6/5,,
2007/6/4,,
2007/6/1,,
2007/5/31,,
2007/5/30,,
2007/5/29,,
2007/5/28,,
2007/5/25,,
2007/5/24,,
2007/5/23,,
2007/5/22,,
2007/5/21,,
2007/5/18,,
2007/5/17,,
2007/5/16,,
2007/5/15,,
2007/5/14,,
2007/5/11,,
2007/5/10,,
2007/5/9,,
2007/5/8,,
2007/5/7,,
2007/5/2,,
2007/5/1,,
2007/4/27,,
2007/4/26,,
2007/4/25,,
2007/4/24,,
2007/4/23,,
2007/4/20,,
2007/4/19,,
2007/4/18,,
2007/4/17,,
2007/4/16,,
2007/4/13,,
2007/4/12,,
2007/4/11,,
2007/4/10,,
2007/4/9,,
2007/4/6,,
2007/4/5,,
2007/4/4,,
2007/4/3,,
2007/4/2,,
2007/3/30,,
2007/3/29,,
2007/3/28,,
2007/3/27,,
2007/3/26,,
2007/3/23,,
2007/3/22,,
2007/3/20,,
2007/3/19,,
2007/3/16,,
2007/3/15,,
2007/3/14,,
2007/3/13,,
2007/3/12,,
2007/3/9,,
2007/3/8,,
2007/3/7,,
2007/3/6,,
2007/3/5,,
2007/3/2,,
2007/3/1,,
2007/2/28,,
2007/2/27,,
2007/2/26,,
2007/2/23,,
2007/2/22,,
2007/2/21,,
2007/2/20,,
2007/2/19,,
2007/2/16,,
2007/2/15,,
2007/2/14,,
2007/2/13,,
2007/2/9,,
2007/2/8,,
2007/2/7,,
2007/2/6,,
2007/2/5,,
2007/2/2,,
2007/2/1,,
2007/1/31,,
2007/1/30,,
2007/1/29,,
2007/1/26,,
2007/1/25,,
2007/1/24,,
2007/1/23,,
2007/1/22,,
2007/1/19,,
2007/1/18,,
2007/1/17,,
2007/1/16,,
2007/1/15,,
2007/1/12,,
2007/1/11,,
2007/1/10,,
2007/1/9,,
2007/1/5,,
2007/1/4,,
2006/12/29,,
2006/12/28,,
2006/12/27,,
2006/12/26,,
2006/12/25,,
2006/12/22,,
2006/12/21,,
2006/12/20,,
2006/12/19,,
2006/12/18,,
2006/12/15,,
2006/12/14,,
2006/12/13,,
2006/12/12,,
2006/12/11,,
2006/12/8,,
2006/12/7,,
2006/12/6,,
2006/12/5,,
2006/12/4,,
2006/12/1,,
2006/11/30,,
2006/11/29,,
2006/11/28,,
2006/11/27,,
2006/11/24,,
2006/11/22,,
2006/11/21,,
2006/11/20,,
2006/11/17,,
2006/11/16,,
2006/11/15,,
2006/11/14,,
2006/11/13,,
2006/11/10,,
2006/11/9,,
2006/11/8,,
2006/11/7,,
2006/11/6,,
2006/11/2,,
2006/11/1,,
2006/10/31,,
2006/10/30,,
2006/10/27,,
2006/10/26,,
2006/10/25,,
2006/10/24,,
2006/10/23,,
2006/10/20,,
2006/10/19,,
2006/10/18,,
2006/10/17,,
2006/10/16,,
2006/10/13,,
2006/10/12,,
2006/10/11,,
2006/10/10,,
2006/10/6,,
2006/10/5,,
2006/10/4,,
2006/10/3,,
2006/10/2,,
2006/9/29,,
2006/9/28,,
2006/9/27,,
2006/9/26,,
2006/9/25,,
2006/9/22,,
2006/9/21,,
2006/9/20,,
2006/9/19,,
2006/9/15,,
2006/9/14,,
2006/9/13,,
2006/9/12,,
2006/9/11,,
2006/9/8,,
2006/9/7,,
2006/9/6,,
2006/9/5,,
2006/9/4,,
2006/9/1,,
2006/8/31,,
2006/8/30,,
2006/8/29,,
2006/8/28,,
2006/8/25,,
2006/8/24,,
2006/8/23,,
2006/8/22,,
2006/8/21,,
2006/8/18,,
2006/8/17,,
2006/8/16,,
2006/8/15,,
2006/8/14,,
2006/8/11,,
2006/8/10,,
2006/8/9,,
2006/8/8,,
2006/8/7,,
2006/8/4,,
2006/8/3,,
2006/8/2,,
2006/8/1,,
2006/7/31,,
2006/7/28,,
2006/7/27,,
2006/7/26,,
2006/7/25,,
2006/7/24,,
2006/7/21,,
2006/7/20,,
2006/7/19,,
2006/7/18,,
2006/7/14,,
2006/7/13,,
2006/7/12,,
2006/7/11,,
2006/7/10,,
2006/7/7,,
2006/7/6,,
2006/7/5,,
2006/7/4,,
2006/7/3,,
2006/6/30,,
2006/6/29,,
2006/6/28,,
2006/6/27,,
2006/6/26,,
2006/6/23,,
2006/6/22,,
2006/6/21,,
2006/6/20,,
2006/6/19,,
2006/6/16,,
2006/6/15,,
2006/6/14,,
2006/6/13,,
2006/6/12,,
2006/6/9,,
2006/6/8,,
2006/6/7,,
2006/6/6,,
2006/6/5,,
2006/6/2,,
2006/6/1,,
2006/5/31,,
2006/5/30,,
2006/5/29,,
2006/5/26,,
2006/5/25,,
2006/5/24,,
2006/5/23,,
2006/5/22,,
2006/5/19,,
2006/5/18,,
2006/5/17,,
2006/5/16,,
2006/5/15,,
2006/5/12,,
2006/5/11,,
2006/5/10,,
2006/5/9,,
2006/5/8,,
2006/5/2,,
2006/5/1,,
2006/4/28,,
2006/4/27,,
2006/4/26,,
2006/4/25,,
2006/4/24,,
2006/4/21,,
2006/4/20,,
2006/4/19,,
2006/4/18,,
2006/4/17,,
2006/4/14,,
2006/4/13,,
2006/4/12,,
2006/4/11,,
2006/4/10,,
2006/4/7,,
2006/4/6,,
2006/4/5,,
2006/4/4,,
2006/4/3,,
2006/3/31,,
2006/3/30,,
2006/3/29,,
2006/3/28,,
2006/3/27,,
2006/3/24,,
2006/3/23,,
2006/3/22,,
2006/3/20,,
2006/3/17,,
2006/3/16,,
2006/3/15,,
2006/3/14,,
2006/3/13,,
2006/3/10,,
2006/3/9,,
2006/3/8,,
2006/3/7,,
2006/3/6,,
2006/3/3,,
2006/3/2,,
2006/3/1,,
2006/2/28,,
2006/2/27,,
2006/2/24,,
2006/2/23,,
2006/2/22,,
2006/2/21,,
2006/2/20,,
2006/2/17,,
2006/2/16,,
2006/2/15,,
2006/2/14,,
2006/2/13,,
2006/2/10,,
2006/2/9,,
2006/2/8,,
2006/2/7,,
2006/2/6,,
2006/2/3,,
2006/2/2,,
2006/2/1,,
2006/1/31,,
2006/1/30,,
2006/1/27,,
2006/1/26,,
2006/1/25,,
2006/1/24,,
2006/1/23,,
2006/1/20,,
2006/1/19,,
2006/1/18,,
2006/1/17,,
2006/1/16,,
2006/1/13,,
2006/1/12,,
2006/1/11,,
2006/1/10,,
2006/1/6,,
2006/1/5,,
2006/1/4,,
2005/12/30,,
2005/12/29,,
2005/12/28,,
2005/12/27,,
2005/12/26,,
2005/12/22,,
2005/12/21,,
2005/12/20,,
2005/12/19,,
2005/12/16,,
2005/12/15,,
2005/12/14,,
2005/12/13,,
2005/12/12,,
2005/12/9,,
2005/12/8,,
2005/12/7,,
2005/12/6,,
2005/12/5,,
2005/12/2,,
2005/12/1,,
2005/11/30,,
2005/11/29,,
2005/11/28,,
2005/11/25,,
2005/11/24,,
2005/11/22,,
2005/11/21,,
2005/11/18,,
2005/11/17,,
2005/11/16,,
2005/11/15,,
2005/11/14,,
2005/11/11,,
2005/11/10,,
2005/11/9,,
2005/11/8,,
2005/11/7,,
2005/11/4,,
2005/11/2,,
2005/11/1,,
2005/10/31,,
2005/10/28,,
2005/10/27,,
2005/10/26,,
2005/10/25,,
2005/10/24,,
2005/10/21,,
2005/10/20,,
2005/10/19,,
2005/10/18,,
2005/10/17,,
2005/10/14,,
2005/10/13,,
2005/10/12,,
2005/10/11,,
2005/10/7,,
2005/10/6,,
2005/10/5,,
2005/10/4,,
2005/10/3,,
2005/9/30,,
2005/9/29,,
2005/9/28,,
2005/9/27,,
2005/9/26,,
2005/9/22,,
2005/9/21,,
2005/9/20,,
2005/9/16,,
2005/9/15,,
2005/9/14,,
2005/9/13,,
2005/9/12,,
2005/9/9,,
2005/9/8,,
2005/9/7,,
2005/9/6,,
2005/9/5,,
2005/9/2,,
2005/9/1,,
2005/8/31,,
2005/8/30,,
2005/8/29,,
2005/8/26,,
2005/8/25,,
2005/8/24,,
2005/8/23,,
2005/8/22,,
2005/8/19,,
2005/8/18,,
2005/8/17,,
2005/8/16,,
2005/8/15,,
2005/8/12,,
2005/8/11,,
2005/8/10,,
2005/8/9,,
2005/8/8,,
2005/8/5,,
2005/8/4,,
2005/8/3,,
2005/8/2,,
2005/8/1,,
2005/7/29,,
2005/7/28,,
2005/7/27,,
2005/7/26,,
2005/7/25,,
2005/7/22,,
2005/7/21,,
2005/7/20,,
2005/7/19,,
2005/7/15,,
2005/7/14,,
2005/7/13,,
2005/7/12,,
2005/7/11,,
2005/7/8,,
2005/7/7,,
2005/7/6,,
2005/7/5,,
2005/7/4,,
2005/7/1,,
2005/6/30,,
2005/6/29,,
2005/6/28,,
2005/6/27,,
2005/6/24,,
2005/6/23,,
2005/6/22,,
2005/6/21,,
2005/6/20,,
2005/6/17,,
2005/6/16,,
2005/6/15,,
2005/6/14,,
2005/6/13,,
2005/6/10,,
2005/6/9,,
2005/6/8,,
2005/6/7,,
2005/6/6,,
2005/6/3,,
2005/6/2,,
2005/6/1,,
2005/5/31,,
2005/5/30,,
2005/5/27,,
2005/5/26,,
2005/5/25,,
2005/5/24,,
2005/5/23,,
2005/5/20,,
2005/5/19,,
2005/5/18,,
2005/5/17,,
2005/5/16,,
2005/5/13,,
2005/5/12,,
2005/5/11,,
2005/5/10,,
2005/5/9,,
2005/5/6,,
2005/5/2,,
2005/4/28,,
2005/4/27,,
2005/4/26,,
2005/4/25,,
2005/4/22,,
2005/4/21,,
2005/4/20,,
2005/4/19,,
2005/4/18,,
2005/4/15,,
2005/4/14,,
2005/4/13,,
2005/4/12,,
2005/4/11,,
2005/4/8,,
2005/4/7,,
2005/4/6,,
2005/4/5,,
2005/4/4,,
2005/4/1,,
2005/3/31,,
2005/3/30,,
2005/3/29,,
2005/3/28,,
2005/3/25,,
2005/3/24,,
2005/3/23,,
2005/3/22,,
2005/3/18,,
2005/3/17,,
2005/3/16,,
2005/3/15,,
2005/3/14,,
2005/3/11,,
2005/3/10,,
2005/3/9,,
2005/3/8,,
2005/3/7,,
2005/3/4,,
2005/3/3,,
2005/3/2,,
2005/3/1,,
2005/2/28,,
2005/2/25,,
2005/2/24,,
2005/2/23,,
2005/2/22,,
2005/2/21,,
2005/2/18,,
2005/2/17,,
2005/2/16,,
2005/2/15,,
2005/2/14,,
2005/2/10,,
2005/2/9,,
2005/2/8,,
2005/2/7,,
2005/2/4,,
2005/2/3,,
2005/2/2,,
2005/2/1,,
2005/1/31,,
2005/1/28,,
2005/1/27,,
2005/1/26,,
2005/1/25,,
2005/1/24,,
2005/1/21,,
2005/1/20,,
2005/1/19,,
2005/1/18,,
2005/1/17,,
2005/1/14,,
2005/1/13,,
2005/1/12,,
2005/1/11,,
2005/1/7,,
2005/1/6,,
2005/1/5,,
2005/1/4,,
2004/12/30,,
2004/12/29,,
2004/12/28,,
2004/12/27,,
2004/12/24,,
2004/12/22,,
2004/12/21,,
2004/12/20,,
2004/12/17,,
2004/12/16,,
2004/12/15,,
2004/12/14,,
2004/12/13,,
2004/12/10,,
2004/12/9,,
2004/12/8,,
2004/12/7,,
2004/12/6,,
2004/12/3,,
2004/12/2,,
2004/12/1,,
2004/11/30,,
2004/11/29,,
2004/11/26,,
2004/11/25,,
2004/11/24,,
2004/11/22,,
2004/11/19,,
2004/11/18,,
2004/11/17,,
2004/11/16,,
2004/11/15,,
2004/11/12,,
2004/11/11,,
2004/11/10,,
2004/11/9,,
2004/11/8,,
2004/11/5,,
2004/11/4,,
2004/11/2,,
2004/11/1,,
2004/10/29,,
2004/10/28,,
2004/10/27,,
2004/10/26,,
2004/10/25,,
2004/10/22,,
2004/10/21,,
2004/10/20,,
2004/10/19,,
2004/10/18,,
2004/10/15,,
2004/10/14,,
2004/10/13,,
2004/10/12,,
2004/10/8,,
2004/10/7,,
2004/10/6,,
2004/10/5,,
2004/10/4,,
2004/10/1,,
2004/9/30,,
2004/9/29,,
2004/9/28,,
2004/9/27,,
2004/9/24,,
2004/9/22,,
2004/9/21,,
2004/9/17,,
2004/9/16,,
2004/9/15,,
2004/9/14,,
2004/9/13,,
2004/9/10,,
2004/9/9,,
2004/9/8,,
2004/9/7,,
2004/9/6,,
2004/9/3,,
2004/9/2,,
2004/9/1,,
2004/8/31,,
2004/8/30,,
2004/8/27,,
2004/8/26,,
2004/8/25,,
2004/8/24,,
2004/8/23,,
2004/8/20,,
2004/8/19,,
2004/8/18,,
2004/8/17,,
2004/8/16,,
2004/8/13,,
2004/8/12,,
2004/8/11,,
2004/8/10,,
2004/8/9,,
2004/8/6,,
2004/8/5,,
2004/8/4,,
2004/8/3,,
2004/8/2,,
2004/7/30,,
2004/7/29,,
2004/7/28,,
2004/7/27,,
2004/7/26,,
2004/7/23,,
2004/7/22,,
2004/7/21,,
2004/7/20,,
2004/7/16,,
2004/7/15,,
2004/7/14,,
2004/7/13,,
2004/7/12,,
2004/7/9,,
2004/7/8,,
2004/7/7,,
2004/7/6,,
2004/7/5,,
2004/7/2,,
2004/7/1,,
2004/6/30,,
2004/6/29,,
2004/6/28,,
2004/6/25,,
2004/6/24,,
2004/6/23,,
2004/6/22,,
2004/6/21,,
2004/6/18,,
2004/6/17,,
2004/6/16,,
2004/6/15,,
2004/6/14,,
2004/6/11,,
2004/6/10,,
2004/6/9,,
2004/6/8,,
2004/6/7,,
2004/6/4,,
2004/6/3,,
2004/6/2,,
2004/6/1,,
2004/5/31,,
2004/5/28,,
2004/5/27,,
2004/5/26,,
2004/5/25,,
2004/5/24,,
2004/5/21,,
2004/5/20,,
2004/5/19,,
2004/5/18,,
2004/5/17,,
2004/5/14,,
2004/5/13,,
2004/5/12,,
2004/5/11,,
2004/5/10,,
2004/5/7,,
2004/5/6,,
2004/4/30,,
2004/4/28,,
2004/4/27,,
2004/4/26,,
2004/4/23,,
2004/4/22,,
2004/4/21,,
2004/4/20,,
2004/4/19,,
2004/4/16,,
2004/4/15,,
2004/4/14,,
2004/4/13,,
2004/4/12,,
2004/4/9,,
2004/4/8,,
2004/4/7,,
2004/4/6,,
2004/4/5,,
2004/4/2,,
2004/4/1,,
2004/3/31,,
2004/3/30,,
2004/3/29,,
2004/3/26,,
2004/3/25,,
2004/3/24,,
2004/3/23,,
2004/3/22,,
2004/3/19,,
2004/3/18,,
2004/3/17,,
2004/3/16,,
2004/3/15,,
2004/3/12,,
2004/3/11,,
2004/3/10,,
2004/3/9,,
2004/3/8,,
2004/3/5,,
2004/3/4,,
2004/3/3,,
2004/3/2,,
2004/3/1,,
2004/2/27,,
2004/2/26,,
2004/2/25,,
2004/2/24,,
2004/2/23,,
2004/2/20,,
2004/2/19,,
2004/2/18,,
2004/2/17,,
2004/2/16,,
2004/2/13,,
2004/2/12,,
2004/2/10,,
2004/2/9,,
2004/2/6,,
2004/2/5,,
2004/2/4,,
2004/2/3,,
2004/2/2,,
2004/1/30,,
2004/1/29,,
2004/1/28,,
2004/1/27,,
2004/1/26,,
2004/1/23,,
2004/1/22,,
2004/1/21,,
2004/1/20,,
2004/1/19,,
2004/1/16,,
2004/1/15,,
2004/1/14,,
2004/1/13,,
2004/1/9,,
2004/1/8,,
2004/1/7,,
2004/1/6,,
2004/1/5,,
2003/12/30,,
2003/12/29,,
2003/12/26,,
2003/12/25,,
2003/12/24,,
2003/12/22,,
2003/12/19,,
2003/12/18,,
2003/12/17,,
2003/12/16,,
2003/12/15,,
2003/12/12,,
2003/12/11,,
2003/12/10,,
2003/12/9,,
2003/12/8,,
2003/12/5,,
2003/12/4,,
2003/12/3,,
2003/12/2,,
2003/12/1,,
2003/11/28,,
2003/11/27,,
2003/11/26,,
2003/11/25,,
2003/11/21,,
2003/11/20,,
2003/11/19,,
2003/11/18,,
2003/11/17,,
2003/11/14,,
2003/11/13,,
2003/11/12,,
2003/11/11,,
2003/11/10,,
2003/11/7,,
2003/11/6,,
2003/11/5,,
2003/11/4,,
2003/10/31,,
2003/10/30,,
2003/10/29,,
2003/10/28,,
2003/10/27,,
2003/10/24,,
2003/10/23,,
2003/10/22,,
2003/10/21,,
2003/10/20,,
2003/10/17,,
2003/10/16,,
2003/10/15,,
2003/10/14,,
2003/10/10,,
2003/10/9,,
2003/10/8,,
2003/10/7,,
2003/10/6,,
2003/10/3,,
2003/10/2,,
2003/10/1,,
2003/9/30,,
2003/9/29,,
2003/9/26,,
2003/9/25,,
2003/9/24,,
2003/9/22,,
2003/9/19,,
2003/9/18,,
2003/9/17,,
2003/9/16,,
2003/9/12,,
2003/9/11,,
2003/9/10,,
2003/9/9,,
2003/9/8,,
2003/9/5,,
2003/9/4,,
2003/9/3,,
2003/9/2,,
2003/9/1,,
2003/8/29,,
2003/8/28,,
2003/8/27,,
2003/8/26,,
2003/8/25,,
2003/8/22,,
2003/8/21,,
2003/8/20,,
2003/8/19,,
2003/8/18,,
2003/8/15,,
2003/8/14,,
2003/8/13,,
2003/8/12,,
2003/8/11,,
2003/8/8,,
2003/8/7,,
2003/8/6,,
2003/8/5,,
2003/8/4,,
2003/8/1,,
2003/7/31,,
2003/7/30,,
2003/7/29,,
2003/7/28,,
2003/7/25,,
2003/7/24,,
2003/7/23,,
2003/7/22,,
2003/7/18,,
2003/7/17,,
2003/7/16,,
2003/7/15,,
2003/7/14,,
2003/7/11,,
2003/7/10,,
2003/7/9,,
2003/7/8,,
2003/7/7,,
2003/7/4,,
2003/7/3,,
2003/7/2,,
2003/7/1,,
2003/6/30,,
2003/6/27,,
2003/6/26,,
2003/6/25,,
2003/6/24,,
2003/6/23,,
2003/6/20,,
2003/6/19,,
2003/6/18,,
2003/6/17,,
2003/6/16,,
2003/6/13,,
2003/6/12,,
2003/6/11,,
2003/6/10,,
2003/6/9,,
2003/6/6,,
2003/6/5,,
2003/6/4,,
2003/6/3,,
2003/6/2,,
2003/5/30,,
2003/5/29,,
2003/5/28,,
2003/5/27,,
2003/5/26,,
2003/5/23,,
2003/5/22,,
2003/5/21,,
2003/5/20,,
2003/5/19,,
2003/5/16,,
2003/5/15,,
2003/5/14,,
2003/5/13,,
2003/5/12,,
2003/5/9,,
2003/5/8,,
2003/5/7,,
2003/5/6,,
2003/5/2,,
2003/5/1,,
2003/4/30,,
2003/4/28,,
2003/4/25,,
2003/4/24,,
2003/4/23,,
2003/4/22,,
2003/4/21,,
2003/4/18,,
2003/4/17,,
2003/4/16,,
2003/4/15,,
2003/4/14,,
2003/4/11,,
2003/4/10,,
2003/4/9,,
2003/4/8,,
2003/4/7,,
2003/4/4,,
2003/4/3,,
2003/4/2,,
2003/4/1,,
2003/3/31,,
2003/3/28,,
2003/3/27,,
2003/3/26,,
2003/3/25,,
2003/3/24,,
2003/3/20,,
2003/3/19,,
2003/3/18,,
2003/3/17,,
2003/3/14,,
2003/3/13,,
2003/3/12,,
2003/3/11,,
2003/3/10,,
2003/3/7,,
2003/3/6,,
2003/3/5,,
2003/3/4,,
2003/3/3,,
2003/2/28,,
2003/2/27,,
2003/2/26,,
2003/2/25,,
2003/2/24,,
2003/2/21,,
2003/2/20,,
2003/2/19,,
2003/2/18,,
2003/2/17,,
2003/2/14,,
2003/2/13,,
2003/2/12,,
2003/2/10,,
2003/2/7,,
2003/2/6,,
2003/2/5,,
2003/2/4,,
2003/2/3,,
2003/1/31,,
2003/1/30,,
2003/1/29,,
2003/1/28,,
2003/1/27,,
2003/1/24,,
2003/1/23,,
2003/1/22,,
2003/1/21,,
2003/1/20,,
2003/1/17,,
2003/1/16,,
2003/1/15,,
2003/1/14,,
2003/1/10,,
2003/1/9,,
2003/1/8,,
2003/1/7,,
2003/1/6,,
2002/12/30,,
2002/12/27,,
2002/12/26,,
2002/12/25,,
2002/12/24,,
2002/12/20,,
2002/12/19,,
2002/12/18,,
2002/12/17,,
2002/12/16,,
2002/12/13,,
2002/12/12,,
2002/12/11,,
2002/12/10,,
2002/12/9,,
2002/12/6,,
2002/12/5,,
2002/12/4,,
2002/12/3,,
2002/12/2,,
2002/11/29,,
2002/11/28,,
2002/11/27,,
2002/11/26,,
2002/11/25,,
2002/11/22,,
2002/11/21,,
2002/11/20,,
2002/11/19,,
2002/11/18,,
2002/11/15,,
2002/11/14,,
2002/11/13,,
2002/11/12,,
2002/11/11,,
2002/11/8,,
2002/11/7,,
2002/11/6,,
2002/11/5,,
2002/11/1,,
2002/10/31,,
2002/10/30,,
2002/10/29,,
2002/10/28,,
2002/10/25,,
2002/10/24,,
2002/10/23,,
2002/10/22,,
2002/10/21,,
2002/10/18,,
2002/10/17,,
2002/10/16,,
2002/10/15,,
2002/10/11,,
2002/10/10,,
2002/10/9,,
2002/10/8,,
2002/10/7,,
2002/10/4,,
2002/10/3,,
2002/10/2,,
2002/10/1,,
2002/9/30,,
2002/9/27,,
2002/9/26,,
2002/9/25,,
2002/9/24,,
2002/9/20,,
2002/9/19,,
2002/9/18,,
2002/9/17,,
2002/9/13,,
2002/9/12,,
2002/9/11,,
2002/9/10,,
2002/9/9,,
2002/9/6,,
2002/9/5,,
2002/9/4,,
2002/9/3,,
2002/9/2,,
2002/8/30,,
2002/8/29,,
2002/8/28,,
2002/8/27,,
2002/8/26,,
2002/8/23,,
2002/8/22,,
2002/8/21,,
2002/8/20,,
2002/8/19,,
2002/8/16,,
2002/8/15,,
2002/8/14,,
2002/8/13,,
2002/8/12,,
2002/8/9,,
2002/8/8,,
2002/8/7,,
2002/8/6,,
2002/8/5,,
2002/8/2,,
2002/8/1,,
2002/7/31,,
2002/7/30,,
2002/7/29,,
2002/7/26,,
2002/7/25,,
2002/7/24,,
2002/7/23,,
2002/7/22,,
2002/7/19,,
2002/7/18,,
2002/7/17,,
2002/7/16,,
2002/7/15,,
2002/7/12,,
2002/7/11,,
2002/7/10,,
2002/7/9,,
2002/7/8,,
2002/7/5,,
2002/7/4,,
2002/7/3,,
2002/7/2,,
2002/7/1,,
2002/6/28,,
2002/6/27,,
2002/6/26,,
2002/6/25,,
2002/6/24,,
2002/6/21,,
2002/6/20,,
2002/6/19,,
2002/6/18,,
2002/6/17,,
2002/6/14,,
2002/6/13,,
2002/6/12,,
2002/6/11,,
2002/6/10,,
2002/6/7,,
2002/6/6,,
2002/6/5,,
2002/6/4,,
2002/6/3,,
2002/5/31,,
2002/5/30,,
2002/5/29,,
2002/5/28,,
2002/5/27,,
2002/5/24,,
2002/5/23,,
2002/5/22,,
2002/5/21,,
2002/5/20,,
2002/5/17,,
2002/5/16,,
2002/5/15,,
2002/5/14,,
2002/5/13,,
2002/5/10,,
2002/5/9,,
2002/5/8,,
2002/5/7,,
2002/5/2,,
2002/5/1,,
2002/4/30,,
2002/4/26,,
2002/4/25,,
2002/4/24,,
2002/4/23,,
2002/4/22,,
2002/4/19,,
2002/4/18,,
2002/4/17,,
2002/4/16,,
2002/4/15,,
2002/4/12,,
2002/4/11,,
2002/4/10,,
2002/4/9,,
2002/4/8,,
2002/4/5,,
2002/4/4,,
2002/4/3,,
2002/4/2,,
2002/4/1,,
2002/3/29,,
2002/3/28,,
2002/3/27,,
2002/3/26,,
2002/3/25,,
2002/3/22,,
2002/3/20,,
2002/3/19,,
2002/3/18,,
2002/3/15,,
2002/3/14,,
2002/3/13,,
2002/3/12,,
2002/3/11,,
2002/3/8,,
2002/3/7,,
2002/3/6,,
2002/3/5,,
2002/3/4,,
2002/3/1,,
2002/2/28,,
2002/2/27,,
2002/2/26,,
2002/2/25,,
2002/2/22,,
2002/2/21,,
2002/2/20,,
2002/2/19,,
2002/2/18,,
2002/2/15,,
2002/2/14,,
2002/2/13,,
2002/2/12,,
2002/2/8,,
2002/2/7,,
2002/2/6,,
2002/2/5,,
2002/2/4,,
2002/2/1,,
2002/1/31,,
2002/1/30,,
2002/1/29,,
2002/1/28,,
2002/1/25,,
2002/1/24,,
2002/1/23,,
2002/1/22,,
2002/1/21,,
2002/1/18,,
2002/1/17,,
2002/1/16,,
2002/1/15,,
2002/1/11,,
2002/1/10,,
2002/1/9,,
2002/1/8,,
2002/1/7,,
2002/1/4,,
2001/12/28,,
2001/12/27,,
2001/12/26,,
2001/12/25,,
2001/12/21,,
2001/12/20,,
2001/12/19,,
2001/12/18,,
2001/12/17,,
2001/12/14,,
2001/12/13,,
2001/12/12,,
2001/12/11,,
2001/12/10,,
2001/12/7,,
2001/12/6,,
2001/12/5,,
2001/12/4,,
2001/12/3,,
2001/11/30,,
2001/11/29,,
2001/11/28,,
2001/11/27,,
2001/11/26,,
2001/11/22,,
2001/11/21,,
2001/11/20,,
2001/11/19,,
2001/11/16,,
2001/11/15,,
2001/11/14,,
2001/11/13,,
2001/11/12,,
2001/11/9,,
2001/11/8,,
2001/11/7,,
2001/11/6,,
2001/11/5,,
2001/11/2,,
2001/11/1,,
2001/10/31,,
2001/10/30,,
2001/10/29,,
2001/10/26,,
2001/10/25,,
2001/10/24,,
2001/10/23,,
2001/10/19,,
2001/10/18,,
2001/10/17,,
2001/10/16,,
2001/10/15,,
2001/10/12,,
2001/10/11,,
2001/10/10,,
2001/10/9,,
2001/10/5,,
2001/10/4,,
2001/10/3,,
2001/10/2,,
2001/10/1,,
2001/9/28,,
2001/9/27,,
2001/9/26,,
2001/9/25,,
2001/9/21,,
2001/9/20,,
2001/9/19,,
2001/9/18,,
2001/9/17,,
2001/9/14,,
2001/9/13,,
2001/9/12,,
2001/9/11,,
2001/9/10,,
2001/9/7,,
2001/9/6,,
2001/9/5,,
2001/9/4,,
2001/9/3,,
2001/8/31,,
2001/8/30,,
2001/8/29,,
2001/8/28,,
2001/8/27,,
2001/8/24,,
2001/8/23,,
2001/8/22,,
2001/8/21,,
2001/8/20,,
2001/8/17,,
2001/8/16,,
2001/8/15,,
2001/8/14,,
2001/8/13,,
2001/8/10,,
2001/8/9,,
2001/8/8,,
2001/8/7,,
2001/8/6,,
2001/8/3,,
2001/8/2,,
2001/8/1,,
2001/7/31,,
2001/7/30,,
2001/7/27,,
2001/7/26,,
2001/7/25,,
2001/7/24,,
2001/7/23,,
2001/7/19,,
2001/7/18,,
2001/7/17,,
2001/7/16,,
2001/7/13,,
2001/7/12,,
2001/7/11,,
2001/7/10,,
2001/7/9,,
2001/7/6,,
2001/7/5,,
2001/7/4,,
2001/7/3,,
2001/7/2,,
2001/6/29,,
2001/6/28,,
2001/6/27,,
2001/6/26,,
2001/6/25,,
2001/6/22,,
2001/6/21,,
2001/6/20,,
2001/6/19,,
2001/6/18,,
2001/6/15,,
2001/6/14,,
2001/6/13,,
2001/6/12,,
2001/6/11,,
2001/6/8,,
2001/6/7,,
2001/6/6,,
2001/6/5,,
2001/6/4,,
2001/6/1,,
2001/5/31,,
2001/5/30,,
2001/5/29,,
2001/5/28,,
2001/5/25,,
2001/5/24,,
2001/5/23,,
2001/5/22,,
2001/5/21,,
2001/5/18,,
2001/5/17,,
2001/5/16,,
2001/5/15,,
2001/5/14,,
2001/5/11,,
2001/5/10,,
2001/5/9,,
2001/5/8,,
2001/5/7,,
2001/5/2,,
2001/5/1,,
2001/4/27,,
2001/4/26,,
2001/4/25,,
2001/4/24,,
2001/4/23,,
2001/4/20,,
2001/4/19,,
2001/4/18,,
2001/4/17,,
2001/4/16,,
2001/4/13,,
2001/4/12,,
2001/4/11,,
2001/4/10,,
2001/4/9,,
2001/4/6,,
2001/4/5,,
2001/4/4,,
2001/4/3,,
2001/4/2,,
2001/3/30,,
2001/3/29,,
2001/3/28,,
2001/3/27,,
2001/3/26,,
2001/3/23,,
2001/3/22,,
2001/3/21,,
2001/3/19,,
2001/3/16,,
2001/3/15,,
2001/3/14,,
2001/3/13,,
2001/3/12,,
2001/3/9,,
2001/3/8,,
2001/3/7,,
2001/3/6,,
2001/3/5,,
2001/3/2,,
2001/3/1,,
2001/2/28,,
2001/2/27,,
2001/2/26,,
2001/2/23,,
2001/2/22,,
2001/2/21,,
2001/2/20,,
2001/2/19,,
2001/2/16,,
2001/2/15,,
2001/2/14,,
2001/2/13,,
2001/2/9,,
2001/2/8,,
2001/2/7,,
2001/2/6,,
2001/2/5,,
2001/2/2,,
2001/2/1,,
2001/1/31,,
2001/1/30,,
2001/1/29,,
2001/1/26,,
2001/1/25,,
2001/1/24,,
2001/1/23,,
2001/1/22,,
2001/1/19,,
2001/1/18,,
2001/1/17,,
2001/1/16,,
2001/1/15,,
2001/1/12,,
2001/1/11,,
2001/1/10,,
2001/1/9,,
2001/1/5,,
