日付,④,⑤
2026/5/4,-48,3
2026/5/1,-52,4
2026/4/30,-45,3
2026/4/29,-32,2
2026/4/28,-39,2
2026/4/27,-37,3
2026/4/24,-37,4
2026/4/23,-27,3
2026/4/22,-30,4
2026/4/21,-17,4
2026/4/20,-24,2
2026/4/17,-40,3
2026/4/16,-38,2
2026/4/15,-28,1
2026/4/14,-28,0
2026/4/13,-28,-1
2026/4/10,-35,-2
2026/4/9,-18,-1
2026/4/8,1,-2
2026/4/7,13,-4
2026/4/6,18,-4
2026/4/2,26,-5
2026/4/1,39,-5
2026/3/31,50,-6
2026/3/30,71,-8
2026/3/27,59,-7
2026/3/26,54,-5
2026/3/25,31,-3
2026/3/24,44,-2
2026/3/23,34,-3
2026/3/20,37,-5
2026/3/19,19,-3
2026/3/18,49,-4
2026/3/17,30,-2
2026/3/16,41,-2
2026/3/13,60,-3
2026/3/12,27,-3
2026/3/11,32,-1
2026/3/10,41,-1
2026/3/9,66,0
2026/3/6,83,-1
2026/3/5,51,0
2026/3/4,38,1
2026/3/3,55,1
2026/3/2,41,3
2026/2/27,30,4
2026/2/26,25,6
2026/2/25,10,5
2026/2/24,1,4
2026/2/23,41,2
2026/2/20,27,3
2026/2/19,28,2
2026/2/18,31,0
2026/2/17,43,0
2026/2/13,52,0
2026/2/12,44,2
2026/2/11,20,3
2026/2/10,27,2
2026/2/9,21,3
2026/2/6,30,1
2026/2/5,64,-1
2026/2/4,45,1
2026/2/3,41,0
2026/2/2,21,1
2026/1/30,23,1
2026/1/29,11,3
2026/1/28,-6,4
2026/1/27,-11,4
2026/1/26,-4,3
2026/1/23,-4,3
2026/1/22,-2,4
2026/1/21,15,4
2026/1/20,29,2
2026/1/16,-8,4
2026/1/15,-6,4
2026/1/14,8,6
2026/1/13,0,3
2026/1/12,-7,3
2026/1/9,-14,4
2026/1/8,-12,3
2026/1/7,-7,3
2026/1/6,-16,3
2026/1/5,-21,3
2025/12/30,-32,3
2025/12/29,-42,4
2025/12/26,-51,4
2025/12/24,-45,5
2025/12/23,-46,4
2025/12/22,-39,3
2025/12/19,-26,2
2025/12/18,-16,2
2025/12/17,2,1
2025/12/16,-4,3
2025/12/15,-6,3
2025/12/12,-19,3
2025/12/11,-26,5
2025/12/10,-14,5
2025/12/9,-10,5
2025/12/8,0,5
2025/12/5,-10,6
2025/12/4,-5,6
2025/12/3,-2,5
2025/12/2,5,6
2025/12/1,13,6
2025/11/28,2,6
2025/11/26,1,5
2025/11/25,1,4
2025/11/24,18,4
2025/11/21,35,3
2025/11/20,33,1
2025/11/19,-4,4
2025/11/18,24,3
2025/11/17,10,4
2025/11/14,6,4
2025/11/13,-8,4
2025/11/12,7,6
2025/11/11,7,6
2025/11/10,3,6
2025/11/7,20,6
2025/11/6,20,5
2025/11/5,10,7
2025/11/4,16,7
2025/11/3,3,9
2025/10/31,5,8
2025/10/30,8,9
2025/10/29,-3,9
2025/10/28,-2,8
2025/10/27,-8,8
2025/10/24,0,6
2025/10/23,11,5
2025/10/22,17,5
2025/10/21,12,6
2025/10/20,10,7
2025/10/17,32,6
2025/10/16,71,5
2025/10/15,39,6
2025/10/14,33,6
2025/10/13,24,7
2025/10/10,42,5
2025/10/9,4,8
2025/10/8,3,8
2025/10/7,1,7
2025/10/6,-9,8
2025/10/3,4,8
2025/10/2,12,7
2025/10/1,6,7
2025/9/30,7,7
2025/9/29,6,7
2025/9/26,5,7
2025/9/25,-3,7
2025/9/24,-1,8
2025/9/23,3,9
2025/9/22,4,10
2025/9/19,-1,11
2025/9/18,3,11
2025/9/17,6,10
2025/9/16,8,10
2025/9/15,-7,11
2025/9/12,-6,9
2025/9/11,-15,10
2025/9/10,-11,8
2025/9/9,-19,8
2025/9/8,-14,8
2025/9/5,-26,8
2025/9/4,-8,8
2025/9/3,7,9
2025/9/2,10,7
2025/8/29,4,8
2025/8/28,-2,10
2025/8/27,-2,10
2025/8/26,-3,9
2025/8/25,-10,9
2025/8/22,-14,9
2025/8/21,3,10
2025/8/20,-4,9
2025/8/19,-9,10
2025/8/18,-14,9
2025/8/15,-12,8
2025/8/14,-10,9
2025/8/13,-8,9
2025/8/12,-8,9
2025/8/11,-3,8
2025/8/8,-15,9
2025/8/7,3,12
2025/8/6,4,12
2025/8/5,9,12
2025/8/4,2,13
2025/8/1,21,10
2025/7/31,0,11
2025/7/30,-10,14
2025/7/29,-9,14
2025/7/28,-18,15
2025/7/25,-29,16
2025/7/24,-30,15
2025/7/23,-35,16
2025/7/22,-22,17
2025/7/21,-27,19
2025/7/18,-18,22
2025/7/17,-25,19
2025/7/16,-8,19
2025/7/15,-3,16
2025/7/14,-2,16
2025/7/11,-8,17
2025/7/10,-10,19
2025/7/9,-18,15
2025/7/8,-8,25
2025/7/7,-4,23
2025/7/4,-16,24
2025/7/3,-17,16
2025/7/2,-20,10
2025/7/1,-17,10
2025/6/30,-16,11
2025/6/27,-31,11
2025/6/26,-22,8
2025/6/25,-23,7
2025/6/24,-6,5
2025/6/23,8,4
2025/6/20,20,5
2025/6/19,23,6
2025/6/18,6,5
2025/6/17,16,7
2025/6/16,0,6
2025/6/13,-10,6
2025/6/12,-25,9
2025/6/11,-32,8
2025/6/10,-37,8
2025/6/9,-29,7
2025/6/6,-27,4
2025/6/5,-26,3
2025/6/4,-31,2
2025/6/3,-29,3
2025/6/2,-29,1
2025/5/30,-27,-1
2025/5/29,-28,1
2025/5/28,-35,-1
2025/5/27,-42,-1
2025/5/23,-39,-3
2025/5/22,-35,-3
2025/5/21,-40,-4
2025/5/20,-43,-3
2025/5/19,-44,-3
2025/5/16,-57,-3
2025/5/15,-59,-3
2025/5/14,-46,-4
2025/5/13,-69,-3
2025/5/12,-65,-4
2025/5/9,-55,-7
2025/5/8,-25,-6
2025/5/7,16,-7
2025/5/6,20,-7
2025/5/5,5,-6
2025/5/2,3,-5
2025/5/1,34,-7
2025/4/30,38,-8
2025/4/29,47,-8
2025/4/28,50,-9
2025/4/25,32,-8
2025/4/24,38,-10
2025/4/23,52,-12
2025/4/22,50,-13
2025/4/21,83,-15
2025/4/17,46,-12
2025/4/16,39,-12
2025/4/15,29,-9
2025/4/14,18,-9
2025/4/11,42,-8
2025/4/10,92,-10
2025/4/9,41,-6
2025/4/8,182,-16
2025/4/7,130,-14
2025/4/4,131,-15
2025/4/3,70,-9
2025/4/2,6,-3
2025/4/1,21,-5
2025/3/31,22,-6
2025/3/28,23,-8
2025/3/27,9,-6
2025/3/26,26,-4
2025/3/25,20,-3
2025/3/24,22,-2
2025/3/21,42,-3
2025/3/20,45,-6
2025/3/19,42,-7
2025/3/18,47,-7
2025/3/17,37,-6
2025/3/14,48,-7
2025/3/13,63,-9
2025/3/12,70,-7
2025/3/11,86,-9
2025/3/10,74,-8
2025/3/7,30,-5
2025/3/6,59,-5
2025/3/5,44,-3
2025/3/4,48,-4
2025/3/3,44,-2
2025/2/28,11,-1
2025/2/27,48,-3
2025/2/26,30,-1
2025/2/25,31,0
2025/2/24,30,1
2025/2/21,17,2
2025/2/20,-2,3
2025/2/19,-9,4
2025/2/18,-6,4
2025/2/17,-23,3
2025/2/14,-25,2
2025/2/13,-25,2
2025/2/12,-12,1
2025/2/11,-11,1
2025/2/10,-1,2
2025/2/7,3,2
2025/2/6,-15,5
2025/2/5,-10,6
2025/2/4,9,5
2025/2/3,30,5
2025/1/31,18,4
2025/1/30,-5,4
2025/1/29,-12,4
2025/1/28,-34,4
2025/1/27,-37,3
2025/1/24,-7,5
2025/1/23,1,5
2025/1/22,8,4
2025/1/21,6,3
2025/1/20,15,3
2025/1/17,11,3
2025/1/16,16,2
2025/1/15,26,2
2025/1/14,40,0
2025/1/13,45,1
2025/1/10,49,1
2025/1/8,35,3
2025/1/7,32,4
2025/1/6,13,4
2025/1/3,13,4
2025/1/2,27,3
2024/12/30,18,3
2024/12/27,2,4
2024/12/26,-16,5
2024/12/24,-20,5
2024/12/23,-1,4
2024/12/20,17,3
2024/12/19,49,3
2024/12/18,96,3
2024/12/17,12,6
2024/12/16,-2,8
2024/12/13,-9,7
2024/12/12,-8,7
2024/12/11,-12,8
2024/12/10,-14,8
2024/12/9,-34,9
2024/12/6,-46,11
2024/12/5,-42,11
2024/12/4,-46,13
2024/12/3,-37,10
2024/12/2,-33,10
2024/11/29,-34,9
2024/11/28,-34,6
2024/11/27,-28,6
2024/11/26,-29,8
2024/11/25,-22,7
2024/11/22,-19,6
2024/11/21,-8,6
2024/11/20,-11,5
2024/11/19,-18,6
2024/11/18,-26,5
2024/11/15,-18,5
2024/11/14,-32,6
2024/11/13,-35,8
2024/11/12,-32,8
2024/11/11,-33,10
2024/11/8,-37,10
2024/11/7,-24,12
2024/11/6,-24,11
2024/11/5,7,9
2024/11/4,14,10
2024/11/1,32,9
2024/10/31,38,10
2024/10/30,32,9
2024/10/29,24,7
2024/10/28,28,5
2024/10/25,27,7
2024/10/24,17,6
2024/10/23,17,6
2024/10/22,-4,8
2024/10/21,1,8
2024/10/18,2,6
2024/10/17,12,5
2024/10/16,11,6
2024/10/15,12,5
2024/10/14,-3,5
2024/10/11,0,3
2024/10/10,-12,3
2024/10/9,0,3
2024/10/8,-3,3
2024/10/7,7,1
2024/10/4,23,3
2024/10/3,37,2
2024/10/2,20,3
2024/10/1,12,3
2024/9/30,7,4
2024/9/27,3,4
2024/9/26,-4,5
2024/9/25,-14,5
2024/9/24,-7,5
2024/9/23,-1,4
2024/9/20,9,4
2024/9/19,8,5
2024/9/18,19,3
2024/9/17,6,3
2024/9/16,-8,3
2024/9/13,-24,3
2024/9/12,-19,2
2024/9/11,-28,2
2024/9/10,-35,1
2024/9/9,-32,1
2024/9/6,-44,1
2024/9/5,-17,3
2024/9/4,14,3
2024/9/3,27,3
2024/9/2,-15,5
2024/8/30,-12,7
2024/8/29,-6,6
2024/8/28,-10,6
2024/8/27,-17,7
2024/8/26,9,7
2024/8/23,6,6
2024/8/22,6,5
2024/8/21,1,6
2024/8/20,10,6
2024/8/19,13,6
2024/8/16,15,4
2024/8/15,25,4
2024/8/14,29,3
2024/8/13,47,3
2024/8/12,74,1
2024/8/9,73,2
2024/8/8,101,2
2024/8/7,144,0
2024/8/6,144,0
2024/8/5,243,0
2024/8/2,97,3
2024/8/1,52,5
2024/7/31,35,8
2024/7/30,43,7
2024/7/29,31,9
2024/7/26,24,8
2024/7/25,43,6
2024/7/24,38,6
2024/7/23,18,10
2024/7/22,21,10
2024/7/19,30,9
2024/7/18,24,11
2024/7/17,19,13
2024/7/16,6,13
2024/7/15,-2,12
2024/7/12,-6,11
2024/7/11,2,10
2024/7/10,-2,10
2024/7/9,-4,7
2024/7/8,-10,8
2024/7/5,-9,7
2024/7/4,-9,6
2024/7/3,-20,6
2024/7/2,-18,7
2024/7/1,-7,5
2024/6/28,-1,5
2024/6/27,0,5
2024/6/26,-5,4
2024/6/25,2,4
2024/6/24,11,4
2024/6/21,7,5
2024/6/20,8,5
2024/6/19,-2,5
2024/6/18,-4,5
2024/6/17,-8,5
2024/6/14,-10,5
2024/6/13,-8,6
2024/6/12,-8,6
2024/6/11,-4,4
2024/6/10,-6,4
2024/6/7,-11,3
2024/6/6,-10,5
2024/6/5,-18,4
2024/6/4,-18,3
2024/6/3,-19,3
2024/5/31,-13,4
2024/5/30,-5,2
2024/5/29,-10,3
2024/5/28,-22,4
2024/5/27,-24,5
2024/5/24,-33,4
2024/5/23,-35,4
2024/5/22,-35,4
2024/5/21,-38,5
2024/5/20,-37,7
2024/5/17,-40,7
2024/5/16,-30,6
2024/5/15,-17,6
2024/5/14,-16,4
2024/5/13,-9,4
2024/5/10,-17,5
2024/5/9,-20,4
2024/5/8,-20,3
2024/5/7,-6,4
2024/5/6,-6,4
2024/5/3,2,4
2024/5/2,18,2
2024/5/1,25,1
2024/4/30,29,3
2024/4/29,13,6
2024/4/26,16,4
2024/4/25,22,2
2024/4/24,28,4
2024/4/23,24,4
2024/4/22,26,3
2024/4/19,35,2
2024/4/18,27,3
2024/4/17,29,4
2024/4/16,37,6
2024/4/15,42,7
2024/4/12,13,7
2024/4/11,0,9
2024/4/10,9,8
2024/4/9,1,9
2024/4/8,2,9
2024/4/5,17,9
2024/4/4,24,8
2024/4/3,4,11
2024/4/2,2,11
2024/4/1,-2,11
2024/3/29,-9,11
2024/3/28,-9,10
2024/3/27,-15,10
2024/3/26,-18,9
2024/3/25,-19,9
2024/3/22,-15,10
2024/3/21,-14,10
2024/3/20,-11,10
2024/3/19,-7,10
2024/3/18,-13,8
2024/3/15,1,8
2024/3/14,9,9
2024/3/13,4,9
2024/3/12,4,10
2024/3/11,13,10
2024/3/8,4,11
2024/3/7,0,12
2024/3/6,0,11
2024/3/5,-4,12
2024/3/4,-3,12
2024/3/1,-8,12
2024/2/29,-3,11
2024/2/28,-1,11
2024/2/27,-2,12
2024/2/26,5,11
2024/2/23,-1,12
2024/2/22,4,12
2024/2/21,4,9
2024/2/20,-1,9
2024/2/19,1,10
2024/2/16,3,10
2024/2/15,5,11
2024/2/14,10,11
2024/2/13,20,10
2024/2/12,3,12
2024/2/9,-7,14
2024/2/8,-10,13
2024/2/7,-15,15
2024/2/6,-12,13
2024/2/5,-1,13
2024/2/2,8,14
2024/2/1,10,13
2024/1/31,15,12
2024/1/30,1,16
2024/1/29,2,18
2024/1/26,0,17
2024/1/25,-3,19
2024/1/24,-6,18
2024/1/23,0,16
2024/1/22,4,14
2024/1/19,7,15
2024/1/18,13,13
2024/1/17,22,11
2024/1/16,13,10
2024/1/15,3,9
2024/1/12,0,9
2024/1/11,-7,10
2024/1/10,-6,10
2024/1/9,-3,9
2024/1/8,-3,9
2024/1/5,5,8
2024/1/4,8,9
2024/1/3,8,10
2024/1/2,3,11
2023/12/29,-5,13
2023/12/28,-3,12
2023/12/27,-6,12
2023/12/26,-2,11
2023/12/25,-5,11
2023/12/22,-6,11
2023/12/21,-5,9
2023/12/20,-7,9
2023/12/19,-15,10
2023/12/18,-15,8
2023/12/15,-21,6
2023/12/14,-16,6
2023/12/13,-25,6
2023/12/12,-20,3
2023/12/11,-18,3
2023/12/8,-20,3
2023/12/7,-16,2
2023/12/6,-20,2
2023/12/5,-28,3
2023/12/4,-33,2
2023/12/1,-40,2
2023/11/30,-44,1
2023/11/29,-42,1
2023/11/28,-41,1
2023/11/27,-37,1
2023/11/24,-43,1
2023/11/23,-45,3
2023/11/22,-43,3
2023/11/21,-33,4
2023/11/20,-27,3
2023/11/17,-21,3
2023/11/16,-28,2
2023/11/15,-17,3
2023/11/14,-13,3
2023/11/13,-13,0
2023/11/10,-20,-1
2023/11/9,-12,-3
2023/11/8,-23,-2
2023/11/7,-21,-2
2023/11/6,-26,-2
2023/11/3,-15,-3
2023/11/2,-9,-4
2023/11/1,1,-5
2023/10/31,4,-7
2023/10/30,8,-8
2023/10/27,33,-10
2023/10/26,26,-10
2023/10/25,20,-9
2023/10/24,31,-6
2023/10/23,53,-8
2023/10/20,64,-8
2023/10/19,62,-6
2023/10/18,57,-5
2023/10/17,36,-4
2023/10/16,24,-4
2023/10/13,46,-5
2023/10/12,24,-4
2023/10/11,14,-3
2023/10/10,21,-3
2023/10/9,32,-3
2023/10/6,33,-3
2023/10/5,51,-3
2023/10/4,46,-3
2023/10/3,54,-4
2023/10/2,29,-4
2023/9/29,21,-4
2023/9/28,14,-4
2023/9/27,9,-4
2023/9/26,24,-3
2023/9/25,1,-1
2023/9/22,3,-1
2023/9/21,3,0
2023/9/20,-15,1
2023/9/19,-16,1
2023/9/18,-15,2
2023/9/15,-6,1
2023/9/14,-14,2
2023/9/13,-14,1
2023/9/12,-10,1
2023/9/11,-13,3
2023/9/8,-11,2
2023/9/7,-15,3
2023/9/6,-8,4
2023/9/5,-12,5
2023/9/4,1,6
2023/9/1,-2,5
2023/8/31,5,5
2023/8/30,-3,5
2023/8/29,12,7
2023/8/28,13,6
2023/8/25,17,5
2023/8/24,32,4
2023/8/23,17,5
2023/8/22,29,6
2023/8/21,34,7
2023/8/18,34,5
2023/8/17,39,4
2023/8/16,27,5
2023/8/15,23,6
2023/8/14,-1,8
2023/8/11,-2,9
2023/8/10,6,8
2023/8/9,3,8
2023/8/8,12,9
2023/8/7,14,9
2023/8/4,26,9
2023/8/3,17,9
2023/8/2,18,9
2023/8/1,1,13
2023/7/31,-4,12
2023/7/28,-11,11
2023/7/27,4,9
2023/7/26,-1,10
2023/7/25,1,10
2023/7/24,-2,12
2023/7/21,-6,11
2023/7/20,2,10
2023/7/19,-7,10
2023/7/18,-7,10
2023/7/17,-10,9
2023/7/14,-13,8
2023/7/13,-5,9
2023/7/12,-4,8
2023/7/11,3,7
2023/7/10,6,8
2023/7/7,-1,7
2023/7/6,4,7
2023/7/5,-13,8
2023/7/4,-28,9
2023/7/3,-25,9
2023/6/30,-25,9
2023/6/29,-27,7
2023/6/28,-33,7
2023/6/27,-35,8
2023/6/26,-26,7
2023/6/23,-24,9
2023/6/22,-26,10
2023/6/21,-20,10
2023/6/20,-21,11
2023/6/19,-26,12
2023/6/16,-25,10
2023/6/15,-20,12
2023/6/14,-22,12
2023/6/13,-17,10
2023/6/12,-19,11
2023/6/9,-21,10
2023/6/8,-23,11
2023/6/7,-33,11
2023/6/6,-26,9
2023/6/5,-19,7
2023/6/2,-11,7
2023/6/1,0,4
2023/5/31,7,3
2023/5/30,-10,6
2023/5/29,-9,6
2023/5/26,6,6
2023/5/25,15,4
2023/5/24,18,4
2023/5/23,14,3
2023/5/22,2,5
2023/5/19,-1,5
2023/5/18,-6,3
2023/5/17,-4,2
2023/5/16,-5,0
2023/5/15,-10,0
2023/5/12,-10,0
2023/5/11,-8,0
2023/5/10,-8,1
2023/5/9,-7,1
2023/5/8,-10,0
2023/5/5,-7,-1
2023/5/4,10,-1
2023/5/3,-3,-1
2023/5/2,-8,-1
2023/5/1,-22,1
2023/4/28,-27,2
2023/4/27,-24,3
2023/4/26,-19,0
2023/4/25,-18,0
2023/4/24,-23,3
2023/4/21,-33,3
2023/4/20,-36,3
2023/4/19,-31,5
2023/4/18,-39,7
2023/4/17,-32,6
2023/4/14,-40,4
2023/4/13,-33,4
2023/4/12,-19,2
2023/4/11,-2,3
2023/4/10,-6,4
2023/4/7,-2,5
2023/4/6,-1,5
2023/4/5,-5,5
2023/4/4,-11,8
2023/4/3,-13,7
2023/3/31,-13,7
2023/3/30,-14,5
2023/3/29,-9,5
2023/3/28,-10,5
2023/3/27,-9,4
2023/3/24,6,3
2023/3/23,17,3
2023/3/22,15,3
2023/3/21,22,3
2023/3/20,34,3
2023/3/17,33,3
2023/3/16,16,3
2023/3/15,33,0
2023/3/14,28,-2
2023/3/13,54,-4
2023/3/10,37,-3
2023/3/9,31,0
2023/3/8,7,1
2023/3/7,14,1
2023/3/6,-3,3
2023/3/3,-7,1
2023/3/2,9,-2
2023/3/1,14,-3
2023/2/28,11,-3
2023/2/27,11,1
2023/2/24,11,0
2023/2/23,6,0
2023/2/22,7,-1
2023/2/21,11,-1
2023/2/20,8,2
2023/2/17,1,3
2023/2/16,8,3
2023/2/15,-7,5
2023/2/14,-14,4
2023/2/13,-6,4
2023/2/10,-11,3
2023/2/9,-6,2
2023/2/8,-19,4
2023/2/7,-21,11
2023/2/6,-21,7
2023/2/3,-23,9
2023/2/2,-21,11
2023/2/1,-28,11
2023/1/31,-18,8
2023/1/30,-11,4
2023/1/27,-18,5
2023/1/26,-22,4
2023/1/25,-11,5
2023/1/24,-17,5
2023/1/23,-18,4
2023/1/20,-17,5
2023/1/19,-13,4
2023/1/18,-5,7
2023/1/17,-16,8
2023/1/16,-24,8
2023/1/13,-23,9
2023/1/12,-18,11
2023/1/11,-10,8
2023/1/10,-9,10
2023/1/9,6,8
2023/1/6,13,8
2023/1/5,18,5
2023/1/4,10,3
2023/1/3,3,1
2022/12/30,-2,1
2022/12/29,6,5
2022/12/28,12,5
2022/12/27,9,5
2022/12/26,-1,3
2022/12/23,-7,5
2022/12/22,-4,5
2022/12/21,-17,5
2022/12/20,-10,2
2022/12/19,-7,1
2022/12/16,-5,0
2022/12/15,1,0
2022/12/14,-13,3
2022/12/13,-22,3
2022/12/12,-9,1
2022/12/9,-12,0
2022/12/8,-16,-4
2022/12/7,-17,-3
2022/12/6,-20,-2
2022/12/5,-25,0
2022/12/2,-32,4
2022/12/1,-30,4
2022/11/30,-33,4
2022/11/29,-24,0
2022/11/28,-26,0
2022/11/25,-37,1
2022/11/24,-38,0
2022/11/23,-40,-1
2022/11/22,-38,-5
2022/11/21,-33,-5
2022/11/18,-33,-4
2022/11/17,-34,-5
2022/11/16,-32,-6
2022/11/15,-36,-7
2022/11/14,-38,-7
2022/11/11,-39,-7
2022/11/10,-33,-8
2022/11/9,-17,-12
2022/11/8,-14,-9
2022/11/7,-19,-10
2022/11/4,-22,-9
2022/11/3,-25,-10
2022/11/2,-24,-9
2022/11/1,-20,-7
2022/10/31,-28,-7
2022/10/28,-26,-5
2022/10/27,-12,-8
2022/10/26,-3,-7
2022/10/25,-1,-5
2022/10/24,11,-6
2022/10/21,19,-4
2022/10/20,19,-8
2022/10/19,22,-7
2022/10/18,23,-7
2022/10/17,22,-7
2022/10/14,53,-9
2022/10/13,54,-4
2022/10/12,58,-7
2022/10/11,50,-5
2022/10/10,29,-5
2022/10/7,29,-5
2022/10/6,24,-3
2022/10/5,16,-3
2022/10/4,16,-3
2022/10/3,22,-4
2022/9/30,33,-6
2022/9/29,38,-5
2022/9/28,55,-3
2022/9/27,61,-4
2022/9/26,50,-4
2022/9/23,40,-3
2022/9/22,48,-4
2022/9/21,60,-3
2022/9/20,50,2
2022/9/19,43,4
2022/9/16,45,3
2022/9/15,46,6
2022/9/14,37,7
2022/9/13,47,7
2022/9/12,9,8
2022/9/9,8,9
2022/9/8,14,7
2022/9/7,19,2
2022/9/6,29,-3
2022/9/5,12,-5
2022/9/2,16,-6
2022/9/1,23,-4
2022/8/31,17,-4
2022/8/30,13,-5
2022/8/29,2,-2
2022/8/26,6,-2
2022/8/25,-12,1
2022/8/24,-5,0
2022/8/23,-4,2
2022/8/22,-8,4
2022/8/19,-27,7
2022/8/18,-28,8
2022/8/17,-34,10
2022/8/16,-36,10
2022/8/15,-36,10
2022/8/12,-33,5
2022/8/11,-25,5
2022/8/10,-30,5
2022/8/9,-25,5
2022/8/8,-29,5
2022/8/5,-30,4
2022/8/4,-27,4
2022/8/3,-31,1
2022/8/2,-22,-1
2022/8/1,-27,-4
2022/7/29,-26,-1
2022/7/28,-22,-2
2022/7/27,-25,-3
2022/7/26,-19,-9
2022/7/25,-27,-5
2022/7/22,-32,-5
2022/7/21,-32,-7
2022/7/20,-34,-7
2022/7/19,-21,-10
2022/7/18,-25,-14
2022/7/15,-32,-13
2022/7/14,-3,-14
2022/7/13,8,-13
2022/7/12,22,-13
2022/7/11,16,-13
2022/7/8,3,-11
2022/7/7,10,-12
2022/7/6,16,-14
2022/7/5,14,-15
2022/7/4,12,-15
2022/7/1,7,-15
2022/6/30,20,-17
2022/6/29,8,-16
2022/6/28,3,-16
2022/6/27,-8,-15
2022/6/24,-4,-16
2022/6/23,0,-17
2022/6/22,1,-17
2022/6/21,1,-17
2022/6/20,31,-18
2022/6/17,22,-19
2022/6/16,24,-18
2022/6/15,-4,-15
2022/6/14,5,-15
2022/6/13,9,-14
2022/6/10,-19,-8
2022/6/9,-12,-4
2022/6/8,-23,-2
2022/6/7,-3,-2
2022/6/6,-14,-4
2022/6/3,-23,-1
2022/6/2,-28,-1
2022/6/1,-12,-5
2022/5/31,-18,-5
2022/5/30,-21,-5
2022/5/27,-3,-3
2022/5/26,2,-7
2022/5/25,37,-9
2022/5/24,62,-8
2022/5/23,48,-6
2022/5/20,48,-9
2022/5/19,44,-10
2022/5/18,51,-10
2022/5/17,29,-9
2022/5/16,23,-10
2022/5/13,29,-9
2022/5/12,70,-11
2022/5/11,71,-13
2022/5/10,66,-13
2022/5/9,86,-12
2022/5/6,79,-8
2022/5/5,68,-8
2022/5/4,29,-4
2022/5/3,65,-9
2022/5/2,89,-9
2022/4/29,88,-9
2022/4/28,53,-3
2022/4/27,58,-3
2022/4/26,52,-4
2022/4/25,24,-1
2022/4/22,25,-3
2022/4/21,-3,0
2022/4/20,-22,-1
2022/4/19,-22,-2
2022/4/18,-28,-4
2022/4/15,-32,-6
2022/4/14,-29,-6
2022/4/13,-31,-6
2022/4/12,-27,-7
2022/4/11,-34,-6
2022/4/8,-46,-4
2022/4/7,-35,-4
2022/4/6,-29,-5
2022/4/5,-34,-6
2022/4/4,-47,-4
2022/4/1,-36,-5
2022/3/31,-28,-5
2022/3/30,-41,-4
2022/3/29,-44,-3
2022/3/28,-36,-4
2022/3/25,-28,-4
2022/3/24,-25,-4
2022/3/23,-3,-5
2022/3/22,-12,-3
2022/3/21,-18,-2
2022/3/18,-14,-3
2022/3/17,10,-6
2022/3/16,41,-7
2022/3/15,48,-8
2022/3/14,49,-11
2022/3/11,42,-11
2022/3/10,31,-9
2022/3/9,58,-9
2022/3/8,70,-11
2022/3/7,58,-9
2022/3/4,18,-5
2022/3/3,-1,-5
2022/3/2,-5,-3
2022/3/1,6,-6
2022/2/28,2,-6
2022/2/25,-4,-5
2022/2/24,24,-9
2022/2/23,40,-10
2022/2/22,34,-8
2022/2/18,55,-7
2022/2/17,47,-7
2022/2/16,46,-5
2022/2/15,47,-5
2022/2/14,55,-6
2022/2/11,54,-6
2022/2/10,27,-4
2022/2/9,4,-1
2022/2/8,34,-3
2022/2/7,47,-4
2022/2/4,43,-4
2022/2/3,56,-5
2022/2/2,42,-2
2022/2/1,40,-2
2022/1/31,55,-2
2022/1/28,71,-4
2022/1/27,93,-6
2022/1/26,93,-5
2022/1/25,64,-4
2022/1/24,41,-4
2022/1/21,46,-4
2022/1/20,35,-1
2022/1/19,34,0
2022/1/18,10,1
2022/1/14,-2,3
2022/1/13,14,4
2022/1/12,-16,6
2022/1/11,-4,6
2022/1/10,-8,7
2022/1/7,-30,7
2022/1/6,-36,8
2022/1/5,-29,7
2022/1/4,-47,9
2022/1/3,-40,10
2021/12/31,-21,10
2021/12/30,-39,11
2021/12/29,-7,10
2021/12/28,-3,11
2021/12/27,-7,10
2021/12/24,-3,9
2021/12/23,4,6
2021/12/22,10,5
2021/12/21,29,4
2021/12/20,50,4
2021/12/17,38,6
2021/12/16,32,7
2021/12/15,12,6
2021/12/14,22,4
2021/12/13,19,4
2021/12/10,13,6
2021/12/9,37,4
2021/12/8,34,5
2021/12/7,50,4
2021/12/6,78,2
2021/12/3,92,0
2021/12/2,88,1
2021/12/1,109,-1
2021/11/30,73,1
2021/11/29,47,3
2021/11/26,95,1
2021/11/25,21,4
2021/11/24,25,5
2021/11/23,26,4
2021/11/22,23,4
2021/11/19,9,5
2021/11/18,7,6
2021/11/17,0,6
2021/11/16,-15,7
2021/11/15,-20,5
2021/11/12,-21,5
2021/11/11,-7,4
2021/11/10,-5,4
2021/11/9,-18,5
2021/11/8,-22,6
2021/11/5,-31,6
2021/11/4,-30,5
2021/11/3,-37,5
2021/11/2,-28,5
2021/11/1,-26,4
2021/10/29,-14,5
2021/10/28,-7,5
2021/10/27,-8,3
2021/10/26,-24,4
2021/10/25,-38,4
2021/10/22,-41,3
2021/10/21,-27,3
2021/10/20,-16,4
2021/10/19,-12,4
2021/10/18,-14,4
2021/10/15,-13,5
2021/10/14,-17,3
2021/10/13,5,0
2021/10/12,18,-1
2021/10/11,18,0
2021/10/8,22,0
2021/10/7,27,1
2021/10/6,33,1
2021/10/5,39,0
2021/10/4,59,-1
2021/10/1,45,0
2021/9/30,36,0
2021/9/29,43,1
2021/9/28,44,1
2021/9/27,14,4
2021/9/24,-1,4
2021/9/23,-12,4
2021/9/22,0,4
2021/9/21,44,3
2021/9/20,70,3
2021/9/17,40,6
2021/9/16,24,6
2021/9/15,16,6
2021/9/14,20,5
2021/9/13,19,5
2021/9/10,33,5
2021/9/9,11,6
2021/9/8,1,7
2021/9/7,2,7
2021/9/3,-16,7
2021/9/2,-7,7
2021/9/1,0,8
2021/8/31,-6,7
2021/8/30,-16,8
2021/8/27,-5,7
2021/8/26,12,6
2021/8/25,-5,7
2021/8/24,-3,7
2021/8/23,-13,7
2021/8/20,-18,7
2021/8/19,19,6
2021/8/18,30,7
2021/8/17,12,8
2021/8/16,-5,8
2021/8/13,-3,7
2021/8/12,-2,8
2021/8/11,-15,9
2021/8/10,5,7
2021/8/9,3,6
2021/8/6,9,5
2021/8/5,10,5
2021/8/4,15,6
2021/8/3,21,6
2021/8/2,34,5
2021/7/30,22,5
2021/7/29,14,5
2021/7/28,16,5
2021/7/27,20,5
2021/7/26,0,6
2021/7/23,-16,6
2021/7/22,3,6
2021/7/21,2,4
2021/7/20,22,5
2021/7/19,47,2
2021/7/16,24,3
2021/7/15,10,5
2021/7/14,-6,6
2021/7/13,4,5
2021/7/12,1,6
2021/7/9,2,6
2021/7/8,9,5
2021/7/7,-4,7
2021/7/6,-10,7
2021/7/2,0,7
2021/7/1,6,7
2021/6/30,2,7
2021/6/29,-11,8
2021/6/28,-10,8
2021/6/25,-19,8
2021/6/24,-19,7
2021/6/23,-23,8
2021/6/22,-19,9
2021/6/21,-4,8
2021/6/18,18,6
2021/6/17,-20,8
2021/6/16,-32,8
2021/6/15,-18,7
2021/6/14,-12,7
2021/6/11,0,7
2021/6/10,-7,8
2021/6/9,-1,7
2021/6/8,-7,8
2021/6/7,-4,9
2021/6/4,-6,11
2021/6/3,19,9
2021/6/2,17,12
2021/6/1,25,10
2021/5/28,2,9
2021/5/27,4,8
2021/5/26,-1,10
2021/5/25,16,9
2021/5/24,5,7
2021/5/21,26,7
2021/5/20,38,7
2021/5/19,46,5
2021/5/18,35,5
2021/5/17,27,6
2021/5/14,19,6
2021/5/13,50,5
2021/5/12,77,4
2021/5/11,35,6
2021/5/10,14,7
2021/5/7,-3,8
2021/5/6,5,8
2021/5/5,10,8
2021/5/4,3,9
2021/5/3,4,10
2021/4/30,1,11
2021/4/29,-3,13
2021/4/28,-11,10
2021/4/27,-16,12
2021/4/26,-11,9
2021/4/23,-5,8
2021/4/22,-7,8
2021/4/21,-17,8
2021/4/20,2,7
2021/4/19,-9,10
2021/4/16,-16,11
2021/4/15,-17,10
2021/4/14,-19,8
2021/4/13,-24,9
2021/4/12,-28,9
2021/4/9,-33,8
2021/4/8,-29,8
2021/4/7,-39,9
2021/4/6,-30,9
2021/4/5,-23,10
2021/4/2,-24,7
2021/4/1,-25,8
2021/3/31,-21,7
2021/3/30,1,6
2021/3/29,-3,7
2021/3/26,-13,7
2021/3/25,-1,6
2021/3/24,5,5
2021/3/23,5,6
2021/3/22,-3,6
2021/3/19,17,5
2021/3/18,13,6
2021/3/17,-5,8
2021/3/16,0,9
2021/3/15,3,8
2021/3/12,8,7
2021/3/11,10,7
2021/3/10,7,5
2021/3/9,3,5
2021/3/8,-14,3
2021/3/5,-11,5
2021/3/4,18,3
2021/3/3,-13,4
2021/3/2,29,7
2021/3/1,35,7
2021/2/26,44,5
2021/2/25,53,5
2021/2/24,9,8
2021/2/23,9,8
2021/2/22,5,9
2021/2/19,3,9
2021/2/18,10,10
2021/2/17,0,9
2021/2/16,-3,8
2021/2/12,1,10
2021/2/11,3,11
2021/2/10,-6,9
2021/2/9,-9,10
2021/2/8,-17,10
2021/2/5,-1,11
2021/2/4,2,10
2021/2/3,7,11
2021/2/2,27,14
2021/2/1,64,14
2021/1/29,51,14
2021/1/28,24,14
2021/1/27,49,15
2021/1/26,-13,14
2021/1/25,2,13
2021/1/22,-5,11
2021/1/21,-10,12
2021/1/20,-11,12
2021/1/19,-11,10
2021/1/15,0,10
2021/1/14,-2,9
2021/1/13,-5,9
2021/1/12,8,9
2021/1/11,8,8
2021/1/8,-1,8
2021/1/7,0,9
2021/1/6,14,9
2021/1/5,21,9
2021/1/4,27,10
2020/12/31,3,10
2020/12/30,3,11
2020/12/29,4,10
2020/12/28,-4,11
2020/12/25,-9,11
2020/12/24,-14,10
2020/12/23,-3,12
2020/12/22,-3,14
2020/12/21,7,14
2020/12/18,-7,12
2020/12/17,-10,13
2020/12/16,-16,11
2020/12/15,-7,10
2020/12/14,-4,8
2020/12/11,-14,8
2020/12/10,-15,8
2020/12/9,-24,10
2020/12/8,-36,11
2020/12/7,-46,9
2020/12/4,-51,11
2020/12/3,-51,7
2020/12/2,-51,6
2020/12/1,-56,2
2020/11/30,-44,3
2020/11/27,-41,4
2020/11/26,-27,3
2020/11/25,-29,4
2020/11/24,-30,4
2020/11/23,-27,4
2020/11/20,-23,4
2020/11/19,-19,5
2020/11/18,-15,5
2020/11/17,-18,7
2020/11/16,-18,7
2020/11/13,-10,6
2020/11/12,-2,5
2020/11/11,-15,6
2020/11/10,-16,5
2020/11/9,-18,7
2020/11/6,-15,4
2020/11/5,-6,5
2020/11/4,10,3
2020/11/3,33,1
2020/11/2,40,0
2020/10/30,48,-1
2020/10/29,42,1
2020/10/28,40,1
2020/10/27,11,4
2020/10/26,17,6
2020/10/23,-6,7
2020/10/22,4,7
2020/10/21,5,6
2020/10/20,10,5
2020/10/19,13,5
2020/10/16,3,7
2020/10/15,-4,8
2020/10/14,-15,8
2020/10/13,-13,9
2020/10/12,-25,11
2020/10/9,-20,10
2020/10/8,-22,8
2020/10/7,10,8
2020/10/6,13,6
2020/10/5,8,8
2020/10/2,25,5
2020/10/1,9,8
2020/9/30,16,7
2020/9/29,23,7
2020/9/28,19,8
2020/9/25,20,8
2020/9/24,30,8
2020/9/23,32,5
2020/9/22,27,9
2020/9/21,34,5
2020/9/18,19,6
2020/9/17,20,8
2020/9/16,16,9
2020/9/15,4,9
2020/9/14,16,8
2020/9/11,21,9
2020/9/10,31,10
2020/9/9,22,13
2020/9/8,31,4
2020/9/4,21,7
2020/9/3,30,7
2020/9/2,-3,12
2020/9/1,4,13
2020/8/31,-5,12
2020/8/28,-15,14
2020/8/27,-13,14
2020/8/26,-17,14
2020/8/25,-14,14
2020/8/24,-15,13
2020/8/21,-12,14
2020/8/20,-16,15
2020/8/19,-24,14
2020/8/18,-26,14
2020/8/17,-32,16
2020/8/14,-36,14
2020/8/13,-24,18
2020/8/12,-29,18
2020/8/11,-19,18
2020/8/10,-30,17
2020/8/7,-25,14
2020/8/6,-24,14
2020/8/5,-22,16
2020/8/4,-19,16
2020/8/3,-25,15
2020/7/31,-32,15
2020/7/30,-37,15
2020/7/29,-33,12
2020/7/28,-33,9
2020/7/27,-28,13
2020/7/24,-25,12
2020/7/23,-33,14
2020/7/22,-34,17
2020/7/21,-33,16
2020/7/20,-34,19
2020/7/17,-33,14
2020/7/16,-31,12
2020/7/15,-40,15
2020/7/14,1,15
2020/7/13,12,11
2020/7/10,1,15
2020/7/9,14,13
2020/7/8,1,15
2020/7/7,8,18
2020/7/6,-5,19
2020/7/3,-3,26
2020/7/2,-12,24
2020/7/1,-15,26
2020/6/30,-3,20
2020/6/29,5,16
2020/6/26,15,18
2020/6/25,-1,17
2020/6/24,12,23
2020/6/23,-9,28
2020/6/22,-3,39
2020/6/19,-3,34
2020/6/18,-12,29
2020/6/17,-18,30
2020/6/16,-11,24
2020/6/15,13,29
2020/6/12,18,12
2020/6/11,18,21
2020/6/10,-32,16
2020/6/9,-30,11
2020/6/8,-40,18
2020/6/5,-40,7
2020/6/4,-33,3
2020/6/3,-30,0
2020/6/2,-33,3
2020/6/1,-33,-1
2020/5/29,-32,3
2020/5/28,-39,2
2020/5/27,-42,-3
2020/5/26,-46,-4
2020/5/22,-42,-8
2020/5/21,-28,-12
2020/5/20,-37,-12
2020/5/19,-32,-14
2020/5/18,-29,-12
2020/5/15,-29,-15
2020/5/14,-27,-15
2020/5/13,-25,-17
2020/5/12,-38,-15
2020/5/11,-47,-13
2020/5/8,-52,-12
2020/5/7,-48,-14
2020/5/6,-42,-15
2020/5/5,-46,-13
2020/5/4,-48,-12
2020/5/1,-58,-12
2020/4/30,-55,-11
2020/4/29,-61,-10
2020/4/28,-56,-13
2020/4/27,-61,-11
2020/4/24,-59,-14
2020/4/23,-54,-16
2020/4/22,-56,-16
2020/4/21,-48,-18
2020/4/20,-58,-15
2020/4/17,-42,-13
2020/4/16,-56,-15
2020/4/15,-30,-15
2020/4/14,-24,-13
2020/4/13,-29,-15
2020/4/9,-1,-15
2020/4/8,13,-15
2020/4/7,61,-18
2020/4/6,30,-18
2020/4/3,63,-23
2020/4/2,31,-22
2020/4/1,32,-24
2020/3/31,107,-20
2020/3/30,130,-19
2020/3/27,213,-22
2020/3/26,327,-18
2020/3/25,427,-23
2020/3/24,459,-24
2020/3/23,489,-30
2020/3/20,566,-28
2020/3/19,571,-25
2020/3/18,638,-25
2020/3/17,525,-20
2020/3/16,627,-25
2020/3/13,332,-14
2020/3/12,540,-21
2020/3/11,307,-13
2020/3/10,217,-8
2020/3/9,238,-12
2020/3/6,127,-5
2020/3/5,147,-2
2020/3/4,82,1
2020/3/3,119,-4
2020/3/2,71,-2
2020/2/28,190,-6
2020/2/27,218,-5
2020/2/26,115,0
2020/2/25,117,1
2020/2/24,102,4
2020/2/21,30,7
2020/2/20,15,8
2020/2/19,6,8
2020/2/18,11,9
2020/2/14,-1,9
2020/2/13,3,9
2020/2/12,-7,9
2020/2/11,0,9
2020/2/10,-1,9
2020/2/7,1,8
2020/2/6,10,9
2020/2/5,1,8
2020/2/4,2,8
2020/2/3,28,7
2020/1/31,44,6
2020/1/30,22,8
2020/1/29,30,8
2020/1/28,30,8
2020/1/27,46,8
2020/1/24,14,10
2020/1/23,3,11
2020/1/22,4,10
2020/1/21,-1,11
2020/1/17,-16,11
2020/1/16,-21,11
2020/1/15,-23,10
2020/1/14,-24,11
2020/1/13,-12,11
2020/1/10,-16,11
2020/1/9,-18,12
2020/1/8,-19,12
2020/1/7,-10,10
2020/1/6,10,10
2020/1/3,20,11
2020/1/2,8,13
2019/12/31,16,10
2019/12/30,18,8
2019/12/27,0,9
2019/12/26,-3,9
2019/12/24,-3,8
2019/12/23,0,9
2019/12/20,2,8
2019/12/19,-6,7
2019/12/18,-5,6
2019/12/17,-5,6
2019/12/16,-6,6
2019/12/13,4,6
2019/12/12,8,5
2019/12/11,18,4
2019/12/10,19,4
2019/12/9,23,5
2019/12/6,9,6
2019/12/5,9,5
2019/12/4,21,5
2019/12/3,23,5
2019/12/2,15,7
2019/11/29,-2,7
2019/11/27,-17,8
2019/11/26,-20,9
2019/11/25,-20,9
2019/11/22,-13,8
2019/11/21,-10,9
2019/11/20,-9,6
2019/11/19,-8,7
2019/11/18,-10,8
2019/11/15,-20,7
2019/11/14,-18,7
2019/11/13,-29,9
2019/11/12,-35,9
2019/11/11,-40,6
2019/11/8,-35,7
2019/11/7,-27,6
2019/11/6,-37,5
2019/11/5,-39,7
2019/11/4,-33,7
2019/11/1,-25,8
2019/10/31,-24,4
2019/10/30,-25,3
2019/10/29,-19,2
2019/10/28,-25,1
2019/10/25,-17,0
2019/10/24,-12,-1
2019/10/23,-1,0
2019/10/22,3,-1
2019/10/21,-4,0
2019/10/18,-3,0
2019/10/17,0,1
2019/10/16,-4,0
2019/10/15,-8,0
2019/10/14,-4,-1
2019/10/11,2,-1
2019/10/10,18,-3
2019/10/9,16,-3
2019/10/8,18,-3
2019/10/7,-11,-1
2019/10/4,-12,-1
2019/10/3,6,-3
2019/10/2,5,-4
2019/10/1,-12,-1
2019/9/30,-20,0
2019/9/27,-17,1
2019/9/26,-6,2
2019/9/25,-2,2
2019/9/24,-5,2
2019/9/23,-14,2
2019/9/20,-20,1
2019/9/19,-38,2
2019/9/18,-41,3
2019/9/17,-20,3
2019/9/16,-34,4
2019/9/13,-26,4
2019/9/12,-18,4
2019/9/11,-28,4
2019/9/10,-28,3
2019/9/9,-41,3
2019/9/6,-17,4
2019/9/5,-11,5
2019/9/4,8,4
2019/9/3,44,4
2019/8/30,52,7
2019/8/29,51,6
2019/8/28,57,4
2019/8/27,76,3
2019/8/26,59,3
2019/8/23,53,1
2019/8/22,17,4
2019/8/21,19,2
2019/8/20,28,1
2019/8/19,34,3
2019/8/16,51,1
2019/8/15,80,-1
2019/8/14,79,0
2019/8/13,37,3
2019/8/12,54,3
2019/8/9,31,1
2019/8/8,29,2
2019/8/7,60,0
2019/8/6,60,0
2019/8/5,84,-3
2019/8/2,17,0
2019/8/1,13,1
2019/7/31,-3,2
2019/7/30,-17,2
2019/7/29,-18,3
2019/7/26,-23,3
2019/7/25,-15,3
2019/7/24,-18,3
2019/7/23,-19,2
2019/7/22,-14,3
2019/7/19,-8,2
2019/7/18,-17,3
2019/7/17,-15,3
2019/7/16,-23,3
2019/7/15,-24,4
2019/7/12,-27,4
2019/7/11,-23,4
2019/7/10,-23,4
2019/7/9,-22,4
2019/7/8,-32,3
2019/7/5,-35,3
2019/7/3,-32,4
2019/7/2,-32,3
2019/7/1,-25,3
2019/6/28,-8,3
2019/6/27,-10,3
2019/6/26,8,4
2019/6/25,7,4
2019/6/24,-10,4
2019/6/21,-6,5
2019/6/20,-6,5
2019/6/19,-15,3
2019/6/18,-18,3
2019/6/17,-27,2
2019/6/14,-5,2
2019/6/13,-18,2
2019/6/12,-18,3
2019/6/11,-17,3
2019/6/10,5,3
2019/6/7,30,3
2019/6/6,14,4
2019/6/5,10,3
2019/6/4,36,1
2019/6/3,55,-2
2019/5/31,58,-1
2019/5/30,37,-1
2019/5/29,44,0
2019/5/28,49,0
2019/5/24,32,1
2019/5/23,44,1
2019/5/22,24,2
2019/5/21,20,3
2019/5/20,37,2
2019/5/17,32,3
2019/5/16,29,4
2019/5/15,28,4
2019/5/14,39,3
2019/5/13,48,2
2019/5/10,23,6
2019/5/9,50,6
2019/5/8,43,6
2019/5/7,40,6
2019/5/6,13,7
2019/5/3,-5,8
2019/5/2,3,8
2019/5/1,2,8
2019/4/30,-17,10
2019/4/29,-14,11
2019/4/26,-25,11
2019/4/25,-23,10
2019/4/24,-5,11
2019/4/23,-15,11
2019/4/22,-10,10
2019/4/19,-10,9
2019/4/18,-8,10
2019/4/17,-9,11
2019/4/16,-12,11
2019/4/15,-14,13
2019/4/12,-19,12
2019/4/11,-23,11
2019/4/10,-23,12
2019/4/9,-12,12
2019/4/8,-13,14
2019/4/5,-15,14
2019/4/4,-3,18
2019/4/3,-9,14
2019/4/2,-11,14
2019/4/1,-14,15
2019/3/29,-9,14
2019/3/28,7,14
2019/3/27,4,19
2019/3/26,4,17
2019/3/25,10,13
2019/3/22,10,12
2019/3/21,-19,12
2019/3/20,-13,11
2019/3/19,-14,9
2019/3/18,-21,7
2019/3/15,-21,6
2019/3/14,-20,7
2019/3/13,-15,7
2019/3/12,-13,6
2019/3/11,-10,3
2019/3/8,0,2
2019/3/7,-1,-1
2019/3/6,-13,0
2019/3/5,-26,2
2019/3/4,-26,2
2019/3/1,-25,5
2019/2/28,-25,4
2019/2/27,-28,6
2019/2/26,-31,5
2019/2/25,-20,6
2019/2/22,-29,4
2019/2/21,-28,1
2019/2/20,-29,2
2019/2/19,-27,3
2019/2/15,-23,2
2019/2/14,-21,1
2019/2/13,-26,-1
2019/2/12,-29,-2
2019/2/11,-29,-4
2019/2/8,-31,-2
2019/2/7,-42,-1
2019/2/6,-39,0
2019/2/5,-44,0
2019/2/4,-49,0
2019/2/1,-51,1
2019/1/31,-50,2
2019/1/30,-57,1
2019/1/29,-42,-2
2019/1/28,-38,0
2019/1/25,-36,-3
2019/1/24,-28,-4
2019/1/23,-23,-5
2019/1/22,-5,-5
2019/1/18,-14,-5
2019/1/17,-15,-6
2019/1/16,-11,-5
2019/1/15,-17,-6
2019/1/14,-16,-5
2019/1/11,-10,-7
2019/1/10,-2,-10
2019/1/9,32,-10
2019/1/8,22,-11
2019/1/7,24,-12
2019/1/4,27,-13
2019/1/3,48,-16
2019/1/2,32,-14
2018/12/31,25,-14
2018/12/28,46,-15
2018/12/27,42,-14
2018/12/26,66,-15
2018/12/24,133,-19
2018/12/21,71,-18
2018/12/20,47,-16
2018/12/19,39,-14
2018/12/18,35,-12
2018/12/17,55,-12
2018/12/14,40,-10
2018/12/13,35,-9
2018/12/12,13,-8
2018/12/11,14,-9
2018/12/10,20,-8
2018/12/7,24,-8
2018/12/6,1,-6
2018/12/4,-11,-7
2018/12/3,-36,-4
2018/11/30,-27,-5
2018/11/29,-23,-6
2018/11/28,-29,-6
2018/11/27,-6,-7
2018/11/26,0,-8
2018/11/23,14,-8
2018/11/21,9,-7
2018/11/20,38,-8
2018/11/19,20,-6
2018/11/16,-14,-4
2018/11/15,-4,-4
2018/11/14,-14,-5
2018/11/13,-10,-3
2018/11/12,36,-4
2018/11/9,15,-1
2018/11/8,17,-1
2018/11/7,19,-1
2018/11/6,83,-4
2018/11/5,78,-4
2018/11/2,66,-4
2018/11/1,76,-4
2018/10/31,89,-4
2018/10/30,100,-5
2018/10/29,124,-6
2018/10/26,122,-5
2018/10/25,129,-4
2018/10/24,141,-6
2018/10/23,91,-4
2018/10/22,65,-2
2018/10/19,55,-1
2018/10/18,78,-1
2018/10/17,48,0
2018/10/16,41,0
2018/10/15,73,-2
2018/10/12,60,-1
2018/10/11,80,-3
2018/10/10,65,0
2018/10/9,17,4
2018/10/8,22,3
2018/10/5,18,4
2018/10/4,10,5
2018/10/3,-2,7
2018/10/2,0,8
2018/10/1,8,7
2018/9/28,2,7
2018/9/27,0,7
2018/9/26,6,8
2018/9/25,-3,7
2018/9/24,-2,7
2018/9/21,-8,6
2018/9/20,-13,7
2018/9/19,-21,5
2018/9/18,-4,5
2018/9/17,-8,4
2018/9/14,-9,4
2018/9/13,10,4
2018/9/12,22,4
2018/9/11,22,4
2018/9/10,27,3
2018/9/7,29,3
2018/9/6,21,4
2018/9/5,5,4
2018/9/4,2,5
2018/8/31,-9,6
2018/8/30,3,6
2018/8/29,0,8
2018/8/28,2,6
2018/8/27,-3,8
2018/8/24,-5,6
2018/8/23,-3,5
2018/8/22,-5,5
2018/8/21,7,5
2018/8/20,4,5
2018/8/17,-1,5
2018/8/16,11,4
2018/8/15,18,3
2018/8/14,-3,5
2018/8/13,18,3
2018/8/10,4,4
2018/8/9,-17,5
2018/8/8,-29,6
2018/8/7,-34,7
2018/8/6,-29,7
2018/8/3,-28,7
2018/8/2,-28,7
2018/8/1,-26,7
2018/7/31,-19,6
2018/7/30,-19,6
2018/7/27,-6,6
2018/7/26,-18,6
2018/7/25,-5,8
2018/7/24,-7,7
2018/7/23,3,5
2018/7/20,9,5
2018/7/19,7,4
2018/7/18,-6,4
2018/7/17,-1,4
2018/7/16,5,4
2018/7/13,1,5
2018/7/12,5,5
2018/7/11,19,5
2018/7/10,2,5
2018/7/9,0,7
2018/7/6,-1,6
2018/7/5,-2,3
2018/7/3,13,3
2018/7/2,-6,4
2018/6/29,24,5
2018/6/28,38,3
2018/6/27,47,4
2018/6/26,23,4
2018/6/25,36,2
2018/6/22,3,6
2018/6/21,10,4
2018/6/20,-4,2
2018/6/19,-9,2
2018/6/18,-4,2
2018/6/15,-5,1
2018/6/14,-9,1
2018/6/13,-4,1
2018/6/12,-18,1
2018/6/11,-18,0
2018/6/8,-19,0
2018/6/7,-26,1
2018/6/6,-29,2
2018/6/5,-21,1
2018/6/4,-21,1
2018/6/1,-10,2
2018/5/31,-3,1
2018/5/30,-17,0
2018/5/29,-6,-2
2018/5/25,-19,-2
2018/5/24,-26,-1
2018/5/23,-21,1
2018/5/22,-14,1
2018/5/21,-13,1
2018/5/18,-18,-1
2018/5/17,-23,0
2018/5/16,-28,1
2018/5/15,-28,2
2018/5/14,-37,3
2018/5/11,-43,4
2018/5/10,-40,6
2018/5/9,-29,1
2018/5/8,-26,-1
2018/5/7,-30,1
2018/5/4,-38,-4
2018/5/3,-17,-7
2018/5/2,-28,-7
2018/5/1,-30,-6
2018/4/30,-21,-7
2018/4/27,-39,-7
2018/4/26,-30,-6
2018/4/25,4,-7
2018/4/24,4,-7
2018/4/23,-11,-6
2018/4/20,12,-5
2018/4/19,0,-4
2018/4/18,-7,-3
2018/4/17,-3,-3
2018/4/16,11,-4
2018/4/13,27,-4
2018/4/12,17,-3
2018/4/11,20,-4
2018/4/10,16,-3
2018/4/9,23,-5
2018/4/6,15,-4
2018/4/5,-14,-2
2018/4/4,5,-2
2018/4/3,23,-2
2018/4/2,66,-4
2018/3/29,28,-2
2018/3/28,29,-3
2018/3/27,18,-3
2018/3/26,6,-1
2018/3/23,37,-3
2018/3/22,28,-1
2018/3/21,-6,1
2018/3/20,-27,2
2018/3/19,-26,2
2018/3/16,-47,3
2018/3/15,-53,3
2018/3/14,-38,3
2018/3/13,-46,4
2018/3/12,-59,6
2018/3/9,-15,6
2018/3/8,21,4
2018/3/7,38,3
2018/3/6,33,3
2018/3/5,47,3
2018/3/2,95,2
2018/3/1,114,2
2018/2/28,87,4
2018/2/27,76,5
2018/2/26,48,7
2018/2/23,52,6
2018/2/22,61,5
2018/2/21,77,5
2018/2/20,84,5
2018/2/16,99,7
2018/2/15,99,6
2018/2/14,103,4
2018/2/13,160,3
2018/2/12,183,3
2018/2/9,235,1
2018/2/8,289,0
2018/2/7,212,4
2018/2/6,212,4
2018/2/5,250,3
2018/2/2,70,7
2018/2/1,33,10
2018/1/31,29,10
2018/1/30,43,9
2018/1/29,36,11
2018/1/26,7,12
2018/1/25,10,11
2018/1/24,15,11
2018/1/23,12,10
2018/1/22,-1,11
2018/1/19,6,10
2018/1/18,18,9
2018/1/17,22,10
2018/1/16,17,9
2018/1/12,-5,9
2018/1/11,-14,8
2018/1/10,-16,8
2018/1/9,-16,8
2018/1/8,-19,8
2018/1/5,-20,7
2018/1/4,-16,7
2018/1/3,-10,7
2018/1/2,-3,7
2017/12/29,12,6
2017/12/28,0,7
2017/12/27,5,7
2017/12/26,-6,7
2017/12/22,-16,7
2017/12/21,-21,7
2017/12/20,-29,7
2017/12/19,-16,7
2017/12/18,-20,7
2017/12/15,-19,7
2017/12/14,-2,6
2017/12/13,2,7
2017/12/12,-2,7
2017/12/11,-2,7
2017/12/8,3,7
2017/12/7,1,7
2017/12/6,7,7
2017/12/5,10,7
2017/12/4,10,7
2017/12/1,16,7
2017/11/30,-2,7
2017/11/29,-6,7
2017/11/28,-11,7
2017/11/27,-11,6
2017/11/24,-3,7
2017/11/22,-2,6
2017/11/21,-4,6
2017/11/20,3,5
2017/11/17,15,6
2017/11/16,22,7
2017/11/15,33,6
2017/11/14,18,4
2017/11/13,14,5
2017/11/10,9,5
2017/11/9,8,6
2017/11/8,6,6
2017/11/7,2,5
2017/11/6,-2,5
2017/11/3,-5,4
2017/11/2,4,4
2017/11/1,6,4
2017/10/31,2,4
2017/10/30,1,4
2017/10/27,-6,4
2017/10/26,16,4
2017/10/25,15,3
2017/10/24,12,4
2017/10/23,7,4
2017/10/20,-4,4
2017/10/19,-3,4
2017/10/18,-5,4
2017/10/17,-3,3
2017/10/16,-8,4
2017/10/13,-12,4
2017/10/12,-20,4
2017/10/11,-17,4
2017/10/10,-15,4
2017/10/9,-18,5
2017/10/6,-7,5
2017/10/5,-15,5
2017/10/4,-15,5
2017/10/3,-20,4
2017/10/2,-18,4
2017/9/29,-17,4
2017/9/28,-23,4
2017/9/27,-21,3
2017/9/26,-11,3
2017/9/25,-24,2
2017/9/22,-34,3
2017/9/21,-39,3
2017/9/20,-17,3
2017/9/19,-16,3
2017/9/18,-18,2
2017/9/15,-35,3
2017/9/14,-36,3
2017/9/13,-6,2
2017/9/12,-3,2
2017/9/11,9,2
2017/9/8,23,1
2017/9/7,12,1
2017/9/6,15,1
2017/9/5,21,1
2017/9/1,0,2
2017/8/31,5,1
2017/8/30,13,1
2017/8/29,25,1
2017/8/28,23,1
2017/8/25,22,1
2017/8/24,34,1
2017/8/23,31,2
2017/8/22,18,2
2017/8/21,36,1
2017/8/18,49,2
2017/8/17,67,3
2017/8/16,19,5
2017/8/15,17,3
2017/8/14,12,3
2017/8/11,40,2
2017/8/10,44,2
2017/8/9,-13,3
2017/8/8,-2,3
2017/8/7,-13,3
2017/8/4,-11,3
2017/8/3,-9,3
2017/8/2,3,4
2017/8/1,-7,4
2017/7/31,5,3
2017/7/28,2,4
2017/7/27,-4,4
2017/7/26,-11,4
2017/7/25,-14,4
2017/7/24,-9,4
2017/7/21,-10,5
2017/7/20,-13,5
2017/7/19,-8,6
2017/7/18,-5,5
2017/7/17,-14,5
2017/7/14,-11,6
2017/7/13,-2,4
2017/7/12,0,4
2017/7/11,6,3
2017/7/10,12,3
2017/7/7,17,3
2017/7/6,28,2
2017/7/5,7,3
2017/7/3,10,3
2017/6/30,16,3
2017/6/29,16,2
2017/6/28,0,3
2017/6/27,4,3
2017/6/26,-10,4
2017/6/23,-18,4
2017/6/22,-30,4
2017/6/21,-32,4
2017/6/20,2,4
2017/6/19,-1,3
2017/6/16,-1,2
2017/6/15,2,2
2017/6/14,4,2
2017/6/13,4,3
2017/6/12,17,2
2017/6/9,1,2
2017/6/8,-3,3
2017/6/7,-3,3
2017/6/6,-2,3
2017/6/5,-2,3
2017/6/2,-10,2
2017/6/1,-3,2
2017/5/31,-3,1
2017/5/30,-3,2
2017/5/26,-10,2
2017/5/25,-33,2
2017/5/24,-30,2
2017/5/23,-29,1
2017/5/22,-25,1
2017/5/19,-18,1
2017/5/18,-8,1
2017/5/17,0,0
2017/5/16,-30,3
2017/5/15,-26,3
2017/5/12,-19,3
2017/5/11,-15,4
2017/5/10,-21,5
2017/5/9,-16,5
2017/5/8,-21,5
2017/5/5,-15,4
2017/5/4,-7,5
2017/5/3,-5,5
2017/5/2,-7,5
2017/5/1,-17,5
2017/4/28,-16,4
2017/4/27,-21,4
2017/4/26,-15,4
2017/4/25,-14,5
2017/4/24,-3,5
2017/4/21,34,3
2017/4/20,30,4
2017/4/19,34,3
2017/4/18,21,3
2017/4/17,33,3
2017/4/13,42,3
2017/4/12,32,3
2017/4/11,30,4
2017/4/10,26,4
2017/4/7,18,3
2017/4/6,16,4
2017/4/5,13,4
2017/4/4,-6,5
2017/4/3,-2,5
2017/3/31,7,5
2017/3/30,3,5
2017/3/29,0,4
2017/3/28,0,4
2017/3/27,11,4
2017/3/24,15,3
2017/3/23,14,3
2017/3/22,9,4
2017/3/21,18,4
2017/3/20,2,5
2017/3/17,3,6
2017/3/16,2,5
2017/3/15,0,6
2017/3/14,8,5
2017/3/13,-2,6
2017/3/10,5,6
2017/3/9,1,7
2017/3/8,-1,7
2017/3/7,-6,8
2017/3/6,-5,8
2017/3/3,4,8
2017/3/2,11,8
2017/3/1,19,9
2017/2/28,17,7
2017/2/27,0,7
2017/2/24,-3,7
2017/2/23,-11,8
2017/2/22,-8,8
2017/2/21,-5,8
2017/2/17,1,8
2017/2/16,1,8
2017/2/15,5,9
2017/2/14,-7,8
2017/2/13,-5,7
2017/2/10,-4,7
2017/2/9,-6,8
2017/2/8,-2,8
2017/2/7,-12,10
2017/2/6,-18,10
2017/2/3,-16,9
2017/2/2,-6,8
2017/2/1,2,7
2017/1/31,8,7
2017/1/30,5,7
2017/1/27,-6,7
2017/1/26,-6,7
2017/1/25,-7,7
2017/1/24,-8,6
2017/1/23,-6,6
2017/1/20,-11,6
2017/1/19,3,6
2017/1/18,0,7
2017/1/17,3,6
2017/1/13,-11,7
2017/1/12,-5,6
2017/1/11,-5,6
2017/1/10,-6,5
2017/1/9,-19,5
2017/1/6,-21,5
2017/1/5,-14,5
2017/1/4,-7,6
2017/1/3,-1,4
2016/12/30,15,3
2016/12/29,8,5
2016/12/28,4,4
2016/12/27,-5,5
2016/12/23,-12,5
2016/12/22,-16,4
2016/12/21,-19,4
2016/12/20,-16,5
2016/12/19,-21,6
2016/12/16,-16,6
2016/12/15,-15,6
2016/12/14,-10,5
2016/12/13,-35,7
2016/12/12,-35,6
2016/12/9,-51,5
2016/12/8,-46,6
2016/12/7,-40,3
2016/12/6,-38,1
2016/12/5,-30,1
2016/12/2,-12,1
2016/12/1,-8,1
2016/11/30,-5,1
2016/11/29,-5,1
2016/11/28,1,1
2016/11/25,-9,2
2016/11/23,-10,1
2016/11/22,-14,1
2016/11/21,-19,1
2016/11/18,-21,0
2016/11/17,-18,0
2016/11/16,-18,0
2016/11/15,-16,0
2016/11/14,-5,-1
2016/11/11,8,-1
2016/11/10,11,-1
2016/11/9,14,-1
2016/11/8,49,-2
2016/11/7,41,-2
2016/11/4,75,-4
2016/11/3,76,-4
2016/11/2,45,-3
2016/11/1,58,-2
2016/10/31,36,-1
2016/10/28,14,-2
2016/10/27,28,-2
2016/10/26,22,-1
2016/10/25,3,-1
2016/10/24,-18,-1
2016/10/21,-13,-1
2016/10/20,-10,-2
2016/10/19,-11,-1
2016/10/18,-16,-2
2016/10/17,-8,-2
2016/10/14,9,-2
2016/10/13,-4,-1
2016/10/12,31,-1
2016/10/11,33,-1
2016/10/10,13,1
2016/10/7,15,1
2016/10/6,-5,1
2016/10/5,-2,3
2016/10/4,7,2
2016/10/3,8,3
2016/9/30,-1,3
2016/9/29,5,2
2016/9/28,-7,5
2016/9/27,8,6
2016/9/26,21,7
2016/9/23,10,6
2016/9/22,6,3
2016/9/21,11,4
2016/9/20,29,2
2016/9/19,36,3
2016/9/16,37,3
2016/9/15,43,3
2016/9/14,55,3
2016/9/13,58,3
2016/9/12,34,4
2016/9/9,59,2
2016/9/8,1,3
2016/9/7,-7,3
2016/9/6,-11,4
2016/9/2,-4,3
2016/9/1,17,3
2016/8/31,7,3
2016/8/30,3,4
2016/8/29,-1,4
2016/8/26,7,3
2016/8/25,14,4
2016/8/24,6,4
2016/8/23,5,5
2016/8/22,2,7
2016/8/19,-9,6
2016/8/18,-10,7
2016/8/17,-5,7
2016/8/16,-3,6
2016/8/15,-14,6
2016/8/12,-16,7
2016/8/11,-13,6
2016/8/10,-21,5
2016/8/9,-24,5
2016/8/8,-29,6
2016/8/5,-24,6
2016/8/4,-22,6
2016/8/3,-25,6
2016/8/2,-32,5
2016/8/1,-51,4
2016/7/29,-57,5
2016/7/28,-28,5
2016/7/27,-42,3
2016/7/26,-32,4
2016/7/25,-33,4
2016/7/22,-41,4
2016/7/21,-37,3
2016/7/20,-44,3
2016/7/19,-44,3
2016/7/18,-43,3
2016/7/15,-28,4
2016/7/14,-14,4
2016/7/13,-9,3
2016/7/12,-5,4
2016/7/11,-2,5
2016/7/8,-3,4
2016/7/7,9,3
2016/7/6,5,2
2016/7/5,10,2
2016/7/1,11,2
2016/6/30,16,1
2016/6/29,21,1
2016/6/28,33,-1
2016/6/27,55,-3
2016/6/24,71,0
2016/6/23,2,4
2016/6/22,31,2
2016/6/21,17,2
2016/6/20,24,2
2016/6/17,28,1
2016/6/16,34,2
2016/6/15,37,2
2016/6/14,51,3
2016/6/13,43,3
2016/6/10,14,4
2016/6/9,-11,6
2016/6/8,-15,7
2016/6/7,-12,7
2016/6/6,-8,5
2016/6/3,-15,5
2016/6/2,-11,6
2016/6/1,4,6
2016/5/31,2,6
2016/5/27,-7,9
2016/5/26,2,7
2016/5/25,0,7
2016/5/24,10,8
2016/5/23,23,7
2016/5/20,16,5
2016/5/19,22,6
2016/5/18,18,7
2016/5/17,15,6
2016/5/16,-1,9
2016/5/13,-8,10
2016/5/12,-7,13
2016/5/11,-10,12
2016/5/10,-4,13
2016/5/9,-6,11
2016/5/6,5,9
2016/5/5,23,7
2016/5/4,16,7
2016/5/3,15,8
2016/5/2,5,7
2016/4/29,2,6
2016/4/28,1,10
2016/4/27,-10,11
2016/4/26,-4,10
2016/4/25,0,11
2016/4/22,-8,10
2016/4/21,-6,12
2016/4/20,-15,13
2016/4/19,-25,12
2016/4/18,-24,11
2016/4/15,-20,8
2016/4/14,-27,10
2016/4/13,-28,7
2016/4/12,-24,7
2016/4/11,-8,6
2016/4/8,-11,5
2016/4/7,-6,3
2016/4/6,-21,2
2016/4/5,-14,2
2016/4/4,-36,1
2016/4/1,-38,0
2016/3/31,-31,-1
2016/3/30,-39,0
2016/3/29,-38,0
2016/3/28,-25,-1
2016/3/24,-32,0
2016/3/23,-35,1
2016/3/22,-40,2
2016/3/21,-47,0
2016/3/18,-50,-1
2016/3/17,-54,0
2016/3/16,-48,0
2016/3/15,-42,0
2016/3/14,-40,-2
2016/3/11,-34,-1
2016/3/10,-20,-4
2016/3/9,-19,-4
2016/3/8,-18,-5
2016/3/7,-17,-2
2016/3/4,-19,-4
2016/3/3,-29,-5
2016/3/2,-30,-4
2016/3/1,-26,-5
2016/2/29,-17,-8
2016/2/26,-13,-7
2016/2/25,-31,-6
2016/2/24,-28,-8
2016/2/23,-21,-8
2016/2/22,-31,-7
2016/2/19,-14,-6
2016/2/18,-15,-7
2016/2/17,0,-5
2016/2/16,1,-7
2016/2/12,-3,-10
2016/2/11,20,-12
2016/2/10,37,-11
2016/2/9,49,-12
2016/2/8,36,-12
2016/2/5,40,-11
2016/2/4,34,-9
2016/2/3,44,-9
2016/2/2,38,-8
2016/2/1,35,-7
2016/1/29,36,-7
2016/1/28,43,-8
2016/1/27,31,-9
2016/1/26,13,-8
2016/1/25,37,-9
2016/1/22,34,-6
2016/1/21,37,-8
2016/1/20,30,-9
2016/1/19,12,-7
2016/1/15,50,-7
2016/1/14,28,-4
2016/1/13,54,-6
2016/1/12,50,-4
2016/1/11,76,-5
2016/1/8,57,-5
2016/1/7,65,-3
2016/1/6,45,1
2016/1/5,22,2
2016/1/4,38,3
2015/12/31,19,6
2015/12/30,8,7
2015/12/29,2,10
2015/12/28,9,9
2015/12/24,-8,7
2015/12/23,-8,7
2015/12/22,-13,5
2015/12/21,3,4
2015/12/18,2,2
2015/12/17,2,4
2015/12/16,10,4
2015/12/15,37,2
2015/12/14,39,2
2015/12/11,75,3
2015/12/10,29,5
2015/12/9,28,5
2015/12/8,22,6
2015/12/7,12,5
2015/12/4,-5,9
2015/12/3,23,5
2015/12/2,8,7
2015/12/1,-9,10
2015/11/30,2,5
2015/11/27,2,5
2015/11/25,2,5
2015/11/24,-9,8
2015/11/23,-5,12
2015/11/20,-1,10
2015/11/19,9,6
2015/11/18,0,2
2015/11/17,0,-1
2015/11/16,-1,-2
2015/11/13,22,-4
2015/11/12,4,-2
2015/11/11,-12,0
2015/11/10,-22,0
2015/11/9,-20,0
2015/11/6,-32,0
2015/11/5,-34,1
2015/11/4,-34,1
2015/11/3,-47,0
2015/11/2,-54,1
2015/10/30,-51,-1
2015/10/29,-44,-1
2015/10/28,-44,-1
2015/10/27,-36,-2
2015/10/26,-37,-1
2015/10/23,-33,0
2015/10/22,-39,-1
2015/10/21,-23,-4
2015/10/20,-29,-4
2015/10/19,-36,-4
2015/10/16,-41,-4
2015/10/15,-34,-5
2015/10/14,-29,-6
2015/10/13,-36,-5
2015/10/12,-38,-4
2015/10/9,-42,-4
2015/10/8,-35,-3
2015/10/7,-32,-3
2015/10/6,-39,-3
2015/10/5,-33,-5
2015/10/2,-21,-6
2015/10/1,-19,-7
2015/9/30,-21,-8
2015/9/29,-27,-9
2015/9/28,-33,-9
2015/9/25,-15,-8
2015/9/24,27,-8
2015/9/23,53,-8
2015/9/22,73,-9
2015/9/21,63,-7
2015/9/18,83,-7
2015/9/17,62,-6
2015/9/16,62,-5
2015/9/15,71,-6
2015/9/14,110,-6
2015/9/11,81,-6
2015/9/10,86,-7
2015/9/9,123,-8
2015/9/8,100,-5
2015/9/4,138,-8
2015/9/3,124,-7
2015/9/2,126,-7
2015/9/1,160,-9
2015/8/31,118,-7
2015/8/28,71,-6
2015/8/27,96,-6
2015/8/26,156,-8
2015/8/25,231,-12
2015/8/24,268,-10
2015/8/21,143,-7
2015/8/20,65,-4
2015/8/19,27,-2
2015/8/18,3,-1
2015/8/17,-4,-1
2015/8/14,-9,-1
2015/8/13,-21,-2
2015/8/12,-34,-1
2015/8/11,-33,-1
2015/8/10,-26,0
2015/8/7,-23,-2
2015/8/6,-19,0
2015/8/5,-22,1
2015/8/4,-31,0
2015/8/3,-37,-1
2015/7/31,-16,0
2015/7/30,-15,1
2015/7/29,-7,0
2015/7/28,11,-1
2015/7/27,24,-2
2015/7/24,-2,-2
2015/7/23,-5,-1
2015/7/22,-18,0
2015/7/21,-20,1
2015/7/20,-23,1
2015/7/17,-16,2
2015/7/16,-8,1
2015/7/15,-2,0
2015/7/14,-10,1
2015/7/13,-11,0
2015/7/10,18,-1
2015/7/9,37,-2
2015/7/8,46,-2
2015/7/7,13,0
2015/7/6,24,-1
2015/7/2,19,0
2015/7/1,17,1
2015/6/30,37,0
2015/6/29,35,-1
2015/6/26,15,2
2015/6/25,16,2
2015/6/24,2,2
2015/6/23,-7,2
2015/6/22,-1,1
2015/6/19,12,0
2015/6/18,2,2
2015/6/17,4,0
2015/6/16,5,1
2015/6/15,11,0
2015/6/12,7,2
2015/6/11,-17,2
2015/6/10,-15,3
2015/6/9,0,2
2015/6/8,19,0
2015/6/5,13,1
2015/6/4,-1,0
2015/6/3,-1,1
2015/6/2,12,0
2015/6/1,2,0
2015/5/29,12,0
2015/5/28,5,0
2015/5/27,2,0
2015/5/26,4,-1
2015/5/22,-11,1
2015/5/21,-16,1
2015/5/20,0,1
2015/5/19,-2,1
2015/5/18,-10,1
2015/5/15,-14,1
2015/5/14,-1,2
2015/5/13,3,1
2015/5/12,-3,1
2015/5/11,-9,3
2015/5/8,-15,3
2015/5/7,1,1
2015/5/6,1,2
2015/5/5,-9,2
2015/5/4,-15,5
2015/5/1,-21,6
2015/4/30,-11,3
2015/4/29,-16,5
2015/4/28,-11,4
2015/4/27,-3,3
2015/4/24,-7,3
2015/4/23,-13,2
2015/4/22,-10,4
2015/4/21,-17,4
2015/4/20,-16,4
2015/4/17,-15,4
2015/4/16,-21,5
2015/4/15,-27,4
2015/4/14,-21,3
2015/4/13,-9,2
2015/4/10,-19,2
2015/4/9,-7,3
2015/4/8,-2,4
2015/4/7,7,3
2015/4/6,14,1
2015/4/2,10,0
2015/4/1,6,-1
2015/3/31,11,-1
2015/3/30,6,0
2015/3/27,5,-1
2015/3/26,12,-1
2015/3/25,2,-1
2015/3/24,-12,1
2015/3/23,-16,2
2015/3/20,-13,5
2015/3/19,-9,6
2015/3/18,-20,6
2015/3/17,-10,4
2015/3/16,-18,2
2015/3/13,-8,1
2015/3/12,-10,0
2015/3/11,-9,-1
2015/3/10,-4,-1
2015/3/9,-25,0
2015/3/6,-32,0
2015/3/5,-29,2
2015/3/4,-35,2
2015/3/3,-24,2
2015/3/2,-20,2
2015/2/27,-23,2
2015/2/26,-18,2
2015/2/25,-30,2
2015/2/24,-35,3
2015/2/23,-34,3
2015/2/20,-40,3
2015/2/19,-32,3
2015/2/18,-28,3
2015/2/17,-23,3
2015/2/13,-19,3
2015/2/12,-12,2
2015/2/11,-15,2
2015/2/10,-22,2
2015/2/9,-9,1
2015/2/6,-4,2
2015/2/5,-13,3
2015/2/4,15,1
2015/2/3,15,2
2015/2/2,36,1
2015/1/30,50,1
2015/1/29,29,2
2015/1/28,38,2
2015/1/27,5,3
2015/1/26,-9,5
2015/1/23,-17,6
2015/1/22,-34,6
2015/1/21,-11,7
2015/1/20,-8,7
2015/1/16,4,8
2015/1/15,21,7
2015/1/14,46,7
2015/1/13,46,8
2015/1/12,68,6
2015/1/9,42,6
2015/1/8,36,5
2015/1/7,51,5
2015/1/6,52,2
2015/1/5,49,3
2015/1/2,45,6
2014/12/31,54,6
2014/12/30,24,5
2014/12/29,14,6
2014/12/26,4,5
2014/12/24,0,6
2014/12/23,4,4
2014/12/22,6,5
2014/12/19,21,4
2014/12/18,19,3
2014/12/17,49,0
2014/12/16,86,-1
2014/12/15,63,0
2014/12/12,61,1
2014/12/11,45,2
2014/12/10,29,1
2014/12/9,-3,3
2014/12/8,-7,4
2014/12/5,-19,4
2014/12/4,-20,3
2014/12/3,-23,4
2014/12/2,-16,3
2014/12/1,-18,3
2014/11/28,-22,3
2014/11/26,-32,4
2014/11/25,-37,3
2014/11/24,-27,3
2014/11/21,-37,3
2014/11/20,-44,3
2014/11/19,-50,3
2014/11/18,-53,3
2014/11/17,-44,3
2014/11/14,-51,3
2014/11/13,-40,4
2014/11/12,-35,4
2014/11/11,-18,5
2014/11/10,-31,5
2014/11/7,-19,5
2014/11/6,-10,5
2014/11/5,-17,6
2014/11/4,-14,5
2014/11/3,-13,5
2014/10/31,-14,4
2014/10/30,-2,4
2014/10/29,-3,3
2014/10/28,10,1
2014/10/27,10,0
2014/10/24,21,-1
2014/10/23,42,-1
2014/10/22,56,-3
2014/10/21,32,-2
2014/10/20,55,-4
2014/10/17,65,-4
2014/10/16,104,-6
2014/10/15,122,-5
2014/10/14,90,-5
2014/10/13,95,-5
2014/10/10,78,-4
2014/10/9,63,-2
2014/10/8,22,0
2014/10/7,45,-2
2014/10/6,30,0
2014/10/3,26,-1
2014/10/2,40,-2
2014/10/1,47,-1
2014/9/30,45,0
2014/9/29,39,1
2014/9/26,31,1
2014/9/25,36,0
2014/9/24,13,2
2014/9/23,23,2
2014/9/22,11,2
2014/9/19,-10,2
2014/9/18,-5,3
2014/9/17,-4,2
2014/9/16,-12,3
2014/9/15,-2,2
2014/9/12,-17,3
2014/9/11,-26,4
2014/9/10,-24,3
2014/9/9,-22,2
2014/9/8,-18,3
2014/9/5,-31,3
2014/9/4,-27,3
2014/9/3,-7,4
2014/9/2,-8,4
2014/8/29,-5,4
2014/8/28,-5,4
2014/8/27,0,4
2014/8/26,1,5
2014/8/25,-4,4
2014/8/22,-10,5
2014/8/21,-2,5
2014/8/20,-19,5
2014/8/19,12,6
2014/8/18,4,5
2014/8/15,14,4
2014/8/14,4,4
2014/8/13,4,3
2014/8/12,25,2
2014/8/11,22,2
2014/8/8,44,3
2014/8/7,69,2
2014/8/6,57,2
2014/8/5,55,3
2014/8/4,33,3
2014/8/1,55,2
2014/7/31,50,2
2014/7/30,15,5
2014/7/29,9,5
2014/7/28,14,6
2014/7/25,17,6
2014/7/24,11,6
2014/7/23,8,6
2014/7/22,0,6
2014/7/21,0,5
2014/7/18,-2,6
2014/7/17,15,5
2014/7/16,-6,8
2014/7/15,8,8
2014/7/14,5,9
2014/7/11,12,7
2014/7/10,7,5
2014/7/9,-5,7
2014/7/8,0,6
2014/7/7,-4,6
2014/7/3,-11,5
2014/7/2,-8,4
2014/7/1,-5,5
2014/6/30,0,5
2014/6/27,-3,6
2014/6/26,-6,6
2014/6/25,-6,6
2014/6/24,-9,5
2014/6/23,-14,6
2014/6/20,-16,5
2014/6/19,-22,5
2014/6/18,-15,5
2014/6/17,-2,4
2014/6/16,2,4
2014/6/13,-8,5
2014/6/12,-8,5
2014/6/11,-16,4
2014/6/10,-23,4
2014/6/9,-18,4
2014/6/6,-19,4
2014/6/5,-14,3
2014/6/4,-11,3
2014/6/3,-14,3
2014/6/2,-18,4
2014/5/30,-21,3
2014/5/29,-14,4
2014/5/28,-13,4
2014/5/27,-14,4
2014/5/23,-15,3
2014/5/22,-11,3
2014/5/21,-17,3
2014/5/20,-18,2
2014/5/19,-25,2
2014/5/16,-29,2
2014/5/15,-18,2
2014/5/14,-12,4
2014/5/13,-20,4
2014/5/12,-23,5
2014/5/9,-7,5
2014/5/8,2,6
2014/5/7,4,7
2014/5/6,5,6
2014/5/5,-4,8
2014/5/2,-11,5
2014/5/1,-10,5
2014/4/30,-11,6
2014/4/29,-3,5
2014/4/28,-8,5
2014/4/25,-6,4
2014/4/24,-8,3
2014/4/23,-13,2
2014/4/22,-9,2
2014/4/21,-16,2
2014/4/17,-26,1
2014/4/16,-13,1
2014/4/15,10,0
2014/4/14,11,1
2014/4/11,24,-1
2014/4/10,16,0
2014/4/9,-2,2
2014/4/8,9,1
2014/4/7,12,1
2014/4/4,-13,2
2014/4/3,-6,3
2014/4/2,-8,2
2014/4/1,-9,2
2014/3/31,0,2
2014/3/28,1,1
2014/3/27,-1,1
2014/3/26,0,1
2014/3/25,-11,3
2014/3/24,8,3
2014/3/21,9,3
2014/3/20,1,5
2014/3/19,4,4
2014/3/18,-3,5
2014/3/17,-1,5
2014/3/14,14,3
2014/3/13,-9,2
2014/3/12,-32,3
2014/3/11,-27,3
2014/3/10,-38,5
2014/3/7,-27,5
2014/3/6,-21,5
2014/3/5,-24,4
2014/3/4,-14,4
2014/3/3,-11,2
2014/2/28,-25,3
2014/2/27,1,3
2014/2/26,12,2
2014/2/25,6,3
2014/2/24,14,4
2014/2/21,18,3
2014/2/20,21,3
2014/2/19,27,2
2014/2/18,3,3
2014/2/14,12,3
2014/2/13,10,4
2014/2/12,12,3
2014/2/11,14,3
2014/2/10,15,3
2014/2/7,14,1
2014/2/6,25,1
2014/2/5,54,-1
2014/2/4,51,0
2014/2/3,86,-1
2014/1/31,58,1
2014/1/30,44,1
2014/1/29,40,1
2014/1/28,18,2
2014/1/27,28,2
2014/1/24,36,3
2014/1/23,-16,4
2014/1/22,-21,6
2014/1/21,-20,6
2014/1/17,-21,6
2014/1/16,-20,7
2014/1/15,-12,9
2014/1/14,-9,8
2014/1/13,-3,7
2014/1/10,-20,9
2014/1/9,-13,11
2014/1/8,-12,11
2014/1/7,-9,10
2014/1/6,2,8
2014/1/3,9,9
2014/1/2,14,8
2013/12/31,9,9
2013/12/30,11,9
2013/12/27,-2,9
2013/12/26,-9,8
2013/12/24,-7,8
2013/12/23,0,8
2013/12/20,14,7
2013/12/19,15,6
2013/12/18,11,5
2013/12/17,28,3
2013/12/16,29,5
2013/12/13,24,5
2013/12/12,12,5
2013/12/11,23,6
2013/12/10,5,7
2013/12/9,4,7
2013/12/6,3,8
2013/12/5,10,8
2013/12/4,10,8
2013/12/3,12,9
2013/12/2,9,10
2013/11/29,4,11
2013/11/27,-3,10
2013/11/26,-6,10
2013/11/25,-5,11
2013/11/22,-8,9
2013/11/21,-4,8
2013/11/20,-1,7
2013/11/19,-11,9
2013/11/18,-32,8
2013/11/15,-26,9
2013/11/14,-24,8
2013/11/13,-26,7
2013/11/12,-37,5
2013/11/11,-41,5
2013/11/8,-36,5
2013/11/7,-18,3
2013/11/6,-31,4
2013/11/5,-22,4
2013/11/4,-19,4
2013/11/1,-21,3
2013/10/31,-11,3
2013/10/30,-5,3
2013/10/29,-7,5
2013/10/28,-8,5
2013/10/25,-10,4
2013/10/24,-1,4
2013/10/23,2,3
2013/10/22,-2,4
2013/10/21,-10,3
2013/10/18,-11,3
2013/10/17,-6,2
2013/10/16,2,2
2013/10/15,36,1
2013/10/14,10,2
2013/10/11,0,1
2013/10/10,3,1
2013/10/9,26,-1
2013/10/8,29,0
2013/10/7,16,1
2013/10/4,-3,3
2013/10/3,5,3
2013/10/2,0,5
2013/10/1,-8,5
2013/9/30,12,4
2013/9/27,10,5
2013/9/26,-6,5
2013/9/25,-14,6
2013/9/24,-7,7
2013/9/23,-7,8
2013/9/20,-10,7
2013/9/19,-13,8
2013/9/18,3,6
2013/9/17,19,3
2013/9/16,13,4
2013/9/13,7,4
2013/9/12,15,3
2013/9/11,8,5
2013/9/10,17,4
2013/9/9,37,2
2013/9/6,38,1
2013/9/5,23,2
2013/9/4,22,3
2013/9/3,31,1
2013/8/30,33,0
2013/8/29,38,0
2013/8/28,33,-1
2013/8/27,33,-1
2013/8/26,22,0
2013/8/23,17,1
2013/8/22,22,0
2013/8/21,20,-1
2013/8/20,11,-1
2013/8/19,8,-1
2013/8/16,7,-1
2013/8/15,9,1
2013/8/14,-6,2
2013/8/13,-14,3
2013/8/12,-12,3
2013/8/9,-11,3
2013/8/8,-17,4
2013/8/7,-22,4
2013/8/6,-25,4
2013/8/5,-29,6
2013/8/2,-32,6
2013/8/1,-23,7
2013/7/31,-24,7
2013/7/30,-31,6
2013/7/29,-37,6
2013/7/26,-36,7
2013/7/25,-40,7
2013/7/24,-23,7
2013/7/23,-25,7
2013/7/22,-28,9
2013/7/19,-29,9
2013/7/18,-18,10
2013/7/17,-28,8
2013/7/16,-17,6
2013/7/15,-12,8
2013/7/12,-9,6
2013/7/11,-17,5
2013/7/10,-20,4
2013/7/9,-12,5
2013/7/8,-8,5
2013/7/5,-8,5
2013/7/3,17,4
2013/7/2,16,4
2013/7/1,17,3
2013/6/28,25,3
2013/6/27,24,3
2013/6/26,30,3
2013/6/25,47,2
2013/6/24,66,1
2013/6/21,61,2
2013/6/20,65,3
2013/6/19,34,4
2013/6/18,32,7
2013/6/17,35,6
2013/6/14,38,4
2013/6/13,26,5
2013/6/12,51,4
2013/6/11,35,5
2013/6/10,22,6
2013/6/7,17,6
2013/6/6,22,5
2013/6/5,23,4
2013/6/4,19,6
2013/6/3,18,8
2013/5/31,19,7
2013/5/30,3,9
2013/5/29,6,9
2013/5/28,3,11
2013/5/24,-7,11
2013/5/23,-10,9
2013/5/22,-26,10
2013/5/21,-24,10
2013/5/20,-11,9
2013/5/17,-32,10
2013/5/16,6,9
2013/5/15,2,9
2013/5/14,1,9
2013/5/13,-5,8
2013/5/10,-8,8
2013/5/9,-9,8
2013/5/8,-12,8
2013/5/7,-13,8
2013/5/6,-3,8
2013/5/3,-8,7
2013/5/2,7,7
2013/5/1,8,5
2013/4/30,5,6
2013/4/29,-2,6
2013/4/26,-1,5
2013/4/25,-5,6
2013/4/24,7,6
2013/4/23,-8,6
2013/4/22,7,5
2013/4/19,34,5
2013/4/18,58,5
2013/4/17,40,5
2013/4/16,13,7
2013/4/15,50,5
2013/4/12,-6,8
2013/4/11,-9,9
2013/4/10,-11,9
2013/4/9,-6,7
2013/4/8,-8,7
2013/4/5,-10,6
2013/4/4,-13,7
2013/4/3,-5,9
2013/4/2,-27,12
2013/4/1,-31,10
2013/3/28,-13,10
2013/3/27,-17,10
2013/3/26,-15,9
2013/3/25,11,7
2013/3/22,7,8
2013/3/21,9,7
2013/3/20,-4,9
2013/3/19,12,9
2013/3/18,1,9
2013/3/15,-15,9
2013/3/14,-19,9
2013/3/13,-14,10
2013/3/12,-13,10
2013/3/11,-24,10
2013/3/8,-5,10
2013/3/7,-11,10
2013/3/6,-7,9
2013/3/5,0,9
2013/3/4,2,8
2013/3/1,17,8
2013/2/28,22,8
2013/2/27,17,8
2013/2/26,36,6
2013/2/25,53,7
2013/2/22,3,9
2013/2/21,12,8
2013/2/20,6,11
2013/2/19,-12,13
2013/2/15,-9,12
2013/2/14,-9,11
2013/2/13,-9,10
2013/2/12,-11,10
2013/2/11,-9,10
2013/2/8,-9,9
2013/2/7,-10,6
2013/2/6,-11,7
2013/2/5,-28,7
2013/2/4,-39,5
2013/2/1,-37,7
2013/1/31,-30,6
2013/1/30,-27,6
2013/1/29,-29,7
2013/1/28,-26,6
2013/1/25,-29,5
2013/1/24,-21,4
2013/1/23,-27,3
2013/1/22,-31,2
2013/1/18,-28,2
2013/1/17,-18,3
2013/1/16,-16,3
2013/1/15,-19,3
2013/1/14,-18,3
2013/1/11,-23,2
2013/1/10,-22,1
2013/1/9,-22,0
2013/1/8,-21,0
2013/1/7,-16,1
2013/1/4,-11,1
2013/1/3,-9,1
2013/1/2,-12,1
2012/12/31,15,-1
2012/12/28,51,-2
2012/12/27,25,-2
2012/12/26,26,-3
2012/12/24,19,-2
2012/12/21,3,-2
2012/12/20,-8,-1
2012/12/19,-9,-2
2012/12/18,-11,-1
2012/12/17,-5,-2
2012/12/14,-11,-3
2012/12/13,-13,-1
2012/12/12,-18,0
2012/12/11,-11,0
2012/12/10,-13,-1
2012/12/7,-10,-1
2012/12/6,-2,1
2012/12/5,-11,0
2012/12/4,-4,0
2012/12/3,-8,1
2012/11/30,-14,0
2012/11/29,-20,0
2012/11/28,-5,0
2012/11/27,-4,-1
2012/11/26,7,0
2012/11/23,4,0
2012/11/21,5,-2
2012/11/20,3,-2
2012/11/19,-3,-2
2012/11/16,11,-4
2012/11/15,17,-4
2012/11/14,16,-3
2012/11/13,17,-2
2012/11/12,23,-2
2012/11/9,35,-2
2012/11/8,26,-2
2012/11/7,26,0
2012/11/6,8,2
2012/11/5,18,2
2012/11/2,21,4
2012/11/1,2,4
2012/10/31,22,2
2012/10/26,29,2
2012/10/25,33,2
2012/10/24,34,4
2012/10/23,39,6
2012/10/22,19,7
2012/10/19,19,6
2012/10/18,4,7
2012/10/17,7,6
2012/10/16,-5,6
2012/10/15,-8,6
2012/10/12,-1,6
2012/10/11,8,6
2012/10/10,4,7
2012/10/9,-11,7
2012/10/8,-19,8
2012/10/5,-21,8
2012/10/4,-23,8
2012/10/3,-13,6
2012/10/2,-8,5
2012/10/1,-3,6
2012/9/28,1,6
2012/9/27,-10,9
2012/9/26,9,8
2012/9/25,0,9
2012/9/24,-2,11
2012/9/21,0,9
2012/9/20,-5,10
2012/9/19,-9,8
2012/9/18,-9,7
2012/9/17,2,9
2012/9/14,-6,9
2012/9/13,-12,10
2012/9/12,0,9
2012/9/11,0,8
2012/9/10,-1,9
2012/9/7,-12,8
2012/9/6,-16,9
2012/9/5,-6,7
2012/9/4,-7,9
2012/8/31,-6,10
2012/8/30,5,10
2012/8/29,-7,8
2012/8/28,-19,7
2012/8/27,-25,6
2012/8/24,-22,7
2012/8/23,-5,6
2012/8/22,-5,7
2012/8/21,-10,7
2012/8/20,-19,8
2012/8/17,-25,9
2012/8/16,-19,9
2012/8/15,-25,6
2012/8/14,-21,5
2012/8/13,-30,5
2012/8/10,-22,4
2012/8/9,-14,3
2012/8/8,-15,3
2012/8/7,-6,3
2012/8/6,-7,2
2012/8/3,-11,2
2012/8/2,-14,-2
2012/8/1,-9,-2
2012/7/31,-9,-2
2012/7/30,-16,-1
2012/7/27,-11,-1
2012/7/26,-15,-3
2012/7/25,13,-4
2012/7/24,13,-2
2012/7/23,1,-1
2012/7/20,-24,-1
2012/7/19,-31,0
2012/7/18,-36,-1
2012/7/17,-28,-2
2012/7/16,-30,-1
2012/7/13,-23,-1
2012/7/12,-17,-4
2012/7/11,-21,-2
2012/7/10,-27,-1
2012/7/9,-35,-2
2012/7/6,-37,-3
2012/7/5,-30,-2
2012/7/3,-34,-3
2012/7/2,-23,-4
2012/6/29,-24,-3
2012/6/28,-9,-5
2012/6/27,-14,-5
2012/6/26,-13,-7
2012/6/25,-7,-7
2012/6/22,-30,-4
2012/6/21,-19,-5
2012/6/20,-24,-3
2012/6/19,-18,-3
2012/6/18,-17,-5
2012/6/15,7,-4
2012/6/14,17,-5
2012/6/13,24,-6
2012/6/12,19,-5
2012/6/11,30,-5
2012/6/8,14,-3
2012/6/7,31,-4
2012/6/6,40,-3
2012/6/5,55,-4
2012/6/4,66,-6
2012/6/1,72,-7
2012/5/31,58,-5
2012/5/30,52,-4
2012/5/29,19,-3
2012/5/25,19,-4
2012/5/24,29,-3
2012/5/23,27,-3
2012/5/22,27,-3
2012/5/21,26,-3
2012/5/18,35,-5
2012/5/17,31,-4
2012/5/16,35,-1
2012/5/15,13,-1
2012/5/14,9,-1
2012/5/11,8,1
2012/5/10,16,0
2012/5/9,26,0
2012/5/8,26,1
2012/5/7,25,2
2012/5/4,28,2
2012/5/3,15,5
2012/5/2,10,6
2012/5/1,12,7
2012/4/30,22,6
2012/4/27,10,7
2012/4/26,4,6
2012/4/25,13,5
2012/4/24,20,4
2012/4/23,31,4
2012/4/20,24,5
2012/4/19,22,5
2012/4/18,23,6
2012/4/17,26,7
2012/4/16,26,6
2012/4/13,15,6
2012/4/12,-5,7
2012/4/11,4,6
2012/4/10,-3,6
2012/4/9,3,8
2012/4/5,-5,9
2012/4/4,-5,10
2012/4/3,-17,11
2012/4/2,-15,13
2012/3/30,-17,12
2012/3/29,-12,12
2012/3/28,-10,11
2012/3/27,-17,12
2012/3/26,-24,13
2012/3/23,-18,12
2012/3/22,-21,12
2012/3/21,-31,16
2012/3/20,-23,15
2012/3/19,-24,16
2012/3/16,-33,16
2012/3/15,-20,14
2012/3/14,-18,13
2012/3/13,-19,11
2012/3/12,-13,11
2012/3/9,-1,9
2012/3/8,-3,8
2012/3/7,3,8
2012/3/6,6,8
2012/3/5,-9,10
2012/3/2,-9,10
2012/3/1,-10,15
2012/2/29,-1,15
2012/2/28,-8,18
2012/2/27,-6,18
2012/2/24,-8,15
2012/2/23,-18,14
2012/2/22,-16,12
2012/2/21,-22,12
2012/2/17,-19,10
2012/2/16,-10,8
2012/2/15,-3,7
2012/2/14,-9,7
2012/2/13,-14,9
2012/2/10,-3,9
2012/2/9,-17,6
2012/2/8,-22,7
2012/2/7,-27,8
2012/2/6,-29,7
2012/2/3,-29,9
2012/2/2,-27,9
2012/2/1,-20,6
2012/1/31,-9,2
2012/1/30,-12,2
2012/1/27,-18,6
2012/1/26,-25,7
2012/1/25,-33,6
2012/1/24,-28,6
2012/1/23,-31,8
2012/1/20,-35,9
2012/1/19,-27,7
2012/1/18,-23,9
2012/1/17,-18,6
2012/1/13,-35,7
2012/1/12,-31,7
2012/1/11,-27,8
2012/1/10,-28,8
2012/1/9,-26,11
2012/1/6,-27,10
2012/1/5,-25,12
2012/1/4,-32,14
2012/1/3,-33,16
2011/12/30,-37,11
2011/12/29,-39,9
2011/12/28,-30,9
2011/12/27,-37,8
2011/12/23,-38,9
2011/12/22,-41,10
2011/12/21,-36,10
2011/12/20,-25,6
2011/12/19,-17,0
2011/12/16,-16,1
2011/12/15,-22,0
2011/12/14,-27,0
2011/12/13,-4,3
2011/12/12,-12,5
2011/12/9,-13,8
2011/12/8,2,7
2011/12/7,-14,6
2011/12/6,-21,5
2011/12/5,-7,8
2011/12/2,16,6
2011/12/1,11,3
2011/11/30,-7,2
2011/11/29,-2,-1
2011/11/28,15,-1
2011/11/25,18,-2
2011/11/23,2,0
2011/11/22,-5,1
2011/11/21,7,3
2011/11/18,-5,8
2011/11/17,23,8
2011/11/16,6,8
2011/11/15,-4,5
2011/11/14,-10,5
2011/11/11,-14,5
2011/11/10,-16,5
2011/11/9,-6,5
2011/11/8,-35,14
2011/11/7,-35,8
2011/11/4,-42,12
2011/11/3,-36,5
2011/11/2,-20,3
2011/11/1,-20,-3
2011/10/31,-25,0
2011/10/28,-42,0
2011/10/27,-45,-1
2011/10/26,-34,-5
2011/10/25,-17,-6
2011/10/24,-14,-6
2011/10/21,-6,-7
2011/10/20,14,-10
2011/10/19,9,-10
2011/10/18,-10,-8
2011/10/17,-11,-9
2011/10/14,-30,-6
2011/10/13,-23,-9
2011/10/12,-9,-8
2011/10/11,0,-9
2011/10/10,-12,-9
2011/10/7,10,-12
2011/10/6,15,-13
2011/10/5,29,-15
2011/10/4,37,-16
2011/10/3,59,-18
2011/9/30,29,-16
2011/9/29,-1,-12
2011/9/28,19,-12
2011/9/27,4,-9
2011/9/26,-10,-9
2011/9/23,-4,-10
2011/9/22,-1,-12
2011/9/21,22,-9
2011/9/20,0,-7
2011/9/19,4,-6
2011/9/16,-16,-4
2011/9/15,-20,-5
2011/9/14,-23,-6
2011/9/13,7,-9
2011/9/12,-22,-9
2011/9/9,27,-9
2011/9/8,11,-8
2011/9/7,52,-6
2011/9/6,63,-9
2011/9/2,45,-9
2011/9/1,44,-7
2011/8/31,46,-7
2011/8/30,56,-8
2011/8/29,78,-10
2011/8/26,112,-12
2011/8/25,167,-13
2011/8/24,136,-11
2011/8/23,119,-12
2011/8/22,164,-15
2011/8/19,142,-16
2011/8/18,155,-15
2011/8/17,69,-11
2011/8/16,84,-10
2011/8/15,77,-9
2011/8/12,124,-12
2011/8/11,184,-13
2011/8/10,230,-16
2011/8/9,148,-14
2011/8/8,262,-17
2011/8/5,123,-11
2011/8/4,114,-10
2011/8/3,44,-6
2011/8/2,37,-8
2011/8/1,29,-5
2011/7/29,19,-5
2011/7/28,23,-4
2011/7/27,24,-4
2011/7/26,5,-1
2011/7/25,-7,0
2011/7/22,-23,1
2011/7/21,-26,1
2011/7/20,-14,1
2011/7/19,3,2
2011/7/18,5,-1
2011/7/15,1,0
2011/7/14,16,0
2011/7/13,4,0
2011/7/12,9,-1
2011/7/11,-2,-1
2011/7/8,-13,1
2011/7/7,-14,1
2011/7/6,-14,0
2011/7/5,6,0
2011/7/1,3,1
2011/6/30,5,0
2011/6/29,3,-2
2011/6/28,10,-2
2011/6/27,17,-2
2011/6/24,29,-3
2011/6/23,31,-2
2011/6/22,20,-1
2011/6/21,11,0
2011/6/20,15,-2
2011/6/17,36,-1
2011/6/16,52,0
2011/6/15,35,1
2011/6/14,22,0
2011/6/13,22,-2
2011/6/10,9,-3
2011/6/9,2,0
2011/6/8,17,-3
2011/6/7,15,-3
2011/6/6,24,-2
2011/6/3,30,-2
2011/6/2,31,-1
2011/6/1,29,1
2011/5/31,1,3
2011/5/27,3,0
2011/5/26,12,0
2011/5/25,15,1
2011/5/24,13,1
2011/5/23,8,0
2011/5/20,14,-1
2011/5/19,-6,0
2011/5/18,-5,0
2011/5/17,3,0
2011/5/16,11,0
2011/5/13,-4,1
2011/5/12,-6,2
2011/5/11,1,2
2011/5/10,-8,2
2011/5/9,-2,2
2011/5/6,5,2
2011/5/5,3,2
2011/5/4,-2,3
2011/5/3,-8,4
2011/5/2,-19,6
2011/4/29,-19,7
2011/4/28,-21,5
2011/4/27,-22,5
2011/4/26,-25,4
2011/4/25,-24,3
2011/4/21,-42,4
2011/4/20,-44,4
2011/4/19,-48,2
2011/4/18,-30,1
2011/4/15,-28,2
2011/4/14,-18,2
2011/4/13,-23,2
2011/4/12,-14,3
2011/4/11,-15,4
2011/4/8,-13,4
2011/4/7,-10,5
2011/4/6,-8,5
2011/4/5,-17,5
2011/4/4,-18,5
2011/4/1,-3,6
2011/3/31,-5,5
2011/3/30,-17,5
2011/3/29,-17,5
2011/3/28,-5,4
2011/3/25,13,5
2011/3/24,13,4
2011/3/23,20,3
2011/3/22,29,4
2011/3/21,35,4
2011/3/18,65,3
2011/3/17,73,3
2011/3/16,98,1
2011/3/15,62,3
2011/3/14,34,5
2011/3/11,29,6
2011/3/10,34,5
2011/3/9,17,8
2011/3/8,12,8
2011/3/7,6,7
2011/3/4,-5,8
2011/3/3,16,10
2011/3/2,27,11
2011/3/1,24,10
2011/2/28,5,12
2011/2/25,3,10
2011/2/24,18,11
2011/2/23,27,9
2011/2/22,31,10
2011/2/18,4,12
2011/2/17,-1,14
2011/2/16,1,13
2011/2/15,-5,11
2011/2/14,-12,11
2011/2/11,-11,9
2011/2/10,-9,8
2011/2/9,-8,9
2011/2/8,-11,8
2011/2/7,-9,8
2011/2/4,-12,7
2011/2/3,-4,9
2011/2/2,1,9
2011/2/1,1,10
2011/1/31,13,9
2011/1/28,23,8
2011/1/27,4,10
2011/1/26,0,9
2011/1/25,6,9
2011/1/24,8,9
2011/1/21,5,9
2011/1/20,-1,9
2011/1/19,-2,10
2011/1/18,-11,9
2011/1/14,-14,10
2011/1/13,-7,9
2011/1/12,-10,9
2011/1/11,-8,9
2011/1/10,-4,9
2011/1/7,-6,9
2011/1/6,-12,10
2011/1/5,-22,10
2011/1/4,-30,9
2011/1/3,-20,12
2010/12/31,-21,10
2010/12/30,-13,10
2010/12/29,-20,10
2010/12/28,-7,10
2010/12/27,-4,10
2010/12/23,-14,9
2010/12/22,-32,12
2010/12/21,-30,11
2010/12/20,-20,9
2010/12/17,-23,9
2010/12/16,-7,10
2010/12/15,-2,10
2010/12/14,-8,10
2010/12/13,-3,11
2010/12/10,-2,11
2010/12/9,-5,11
2010/12/8,-9,11
2010/12/7,-17,11
2010/12/6,-19,12
2010/12/3,-14,11
2010/12/2,-5,12
2010/12/1,6,12
2010/11/30,23,13
2010/11/29,11,13
2010/11/26,21,12
2010/11/24,3,14
2010/11/23,7,12
2010/11/22,-11,14
2010/11/19,-4,12
2010/11/18,-1,12
2010/11/17,12,10
2010/11/16,21,8
2010/11/15,7,10
2010/11/12,8,11
2010/11/11,-11,13
2010/11/10,-17,12
2010/11/9,-13,11
2010/11/8,-18,9
2010/11/5,-26,9
2010/11/4,-21,9
2010/11/3,-19,6
2010/11/2,-7,6
2010/11/1,-1,6
2010/10/29,-7,5
2010/10/28,-5,7
2010/10/27,-16,7
2010/10/26,-12,7
2010/10/25,-13,6
2010/10/22,-14,6
2010/10/21,-15,7
2010/10/20,-11,8
2010/10/19,-8,9
2010/10/18,-14,9
2010/10/15,-12,10
2010/10/14,-13,10
2010/10/13,-20,7
2010/10/12,-22,7
2010/10/11,-24,6
2010/10/8,-6,8
2010/10/7,-11,7
2010/10/6,-13,8
2010/10/5,-23,10
2010/10/4,-17,11
2010/10/1,-10,12
2010/9/30,-17,11
2010/9/29,-18,11
2010/9/28,-23,10
2010/9/27,-16,6
2010/9/24,-19,7
2010/9/23,-12,5
2010/9/22,-10,4
2010/9/21,-10,4
2010/9/20,-20,3
2010/9/17,-18,1
2010/9/16,-17,1
2010/9/15,-14,1
2010/9/14,-1,1
2010/9/13,-2,3
2010/9/10,5,2
2010/9/9,8,2
2010/9/8,10,4
2010/9/7,10,3
2010/9/3,1,5
2010/9/2,4,2
2010/9/1,4,-2
2010/8/31,19,-4
2010/8/30,28,-2
2010/8/27,15,-2
2010/8/26,26,-5
2010/8/25,15,-1
2010/8/24,12,-2
2010/8/23,11,-1
2010/8/20,0,-1
2010/8/19,2,0
2010/8/18,0,-2
2010/8/17,0,-2
2010/8/16,10,-5
2010/8/13,10,-5
2010/8/12,5,-6
2010/8/11,-1,-7
2010/8/10,-19,-3
2010/8/9,-30,-3
2010/8/6,-33,1
2010/8/5,-35,0
2010/8/4,-40,-3
2010/8/3,-35,-5
2010/8/2,-24,-6
2010/7/30,-17,-7
2010/7/29,-18,-9
2010/7/28,-8,-7
2010/7/27,-13,-6
2010/7/26,-6,-8
2010/7/23,2,-9
2010/7/22,4,-10
2010/7/21,6,-11
2010/7/20,-2,-10
2010/7/19,-5,-11
2010/7/16,-4,-11
2010/7/15,-16,-9
2010/7/14,-27,-10
2010/7/13,-27,-9
2010/7/12,-33,-10
2010/7/9,-28,-10
2010/7/8,-7,-10
2010/7/7,-5,-10
2010/7/6,-12,-14
2010/7/2,7,-14
2010/7/1,23,-13
2010/6/30,9,-12
2010/6/29,5,-11
2010/6/28,-22,-8
2010/6/25,-26,-8
2010/6/24,-33,-8
2010/6/23,-20,-7
2010/6/22,-15,-7
2010/6/21,-15,-5
2010/6/18,-20,-4
2010/6/17,1,-4
2010/6/16,10,-4
2010/6/15,-2,-4
2010/6/14,9,-5
2010/6/11,-26,-5
2010/6/10,0,-5
2010/6/9,54,-8
2010/6/8,61,-7
2010/6/7,114,-8
2010/6/4,85,-6
2010/6/3,87,-2
2010/6/2,66,-2
2010/6/1,87,-4
2010/5/28,111,-2
2010/5/27,104,0
2010/5/26,149,-3
2010/5/25,146,-3
2010/5/24,183,-2
2010/5/21,163,-2
2010/5/20,187,-3
2010/5/19,150,1
2010/5/18,140,2
2010/5/17,107,4
2010/5/14,118,6
2010/5/13,76,7
2010/5/12,62,10
2010/5/11,80,8
2010/5/10,88,10
2010/5/7,166,4
2010/5/6,99,6
2010/5/5,47,6
2010/5/4,52,6
2010/5/3,22,10
2010/4/30,33,11
2010/4/29,2,11
2010/4/28,25,8
2010/4/27,46,8
2010/4/26,5,10
2010/4/23,-1,11
2010/4/22,1,8
2010/4/21,-1,6
2010/4/20,-10,5
2010/4/19,-2,5
2010/4/16,7,4
2010/4/15,-12,6
2010/4/14,-16,7
2010/4/13,-9,4
2010/4/12,-12,5
2010/4/9,-7,5
2010/4/8,-12,4
2010/4/7,-12,4
2010/4/6,-15,5
2010/4/5,-14,6
2010/4/1,-4,5
2010/3/31,-7,4
2010/3/30,-16,4
2010/3/29,-18,4
2010/3/26,-10,4
2010/3/25,-7,4
2010/3/24,-14,5
2010/3/23,-25,6
2010/3/22,-24,6
2010/3/19,-27,5
2010/3/18,-32,5
2010/3/17,-35,5
2010/3/16,-33,5
2010/3/15,-34,4
2010/3/12,-34,5
2010/3/11,-32,5
2010/3/10,-13,4
2010/3/9,-14,3
2010/3/8,-25,4
2010/3/5,-25,3
2010/3/4,-14,1
2010/3/3,-10,2
2010/3/2,-14,2
2010/3/1,-14,0
2010/2/26,-25,0
2010/2/25,-3,0
2010/2/24,19,1
2010/2/23,36,0
2010/2/22,22,0
2010/2/19,25,0
2010/2/18,27,0
2010/2/17,31,1
2010/2/16,41,1
2010/2/12,42,-2
2010/2/11,42,-1
2010/2/10,50,-2
2010/2/9,52,0
2010/2/8,51,-1
2010/2/5,34,2
2010/2/4,97,2
2010/2/3,58,5
2010/2/2,57,6
2010/2/1,81,2
2010/1/29,74,3
2010/1/28,67,2
2010/1/27,53,3
2010/1/26,53,1
2010/1/25,51,0
2010/1/22,80,1
2010/1/21,37,2
2010/1/20,15,4
2010/1/19,5,6
2010/1/15,4,4
2010/1/14,-1,5
2010/1/13,-4,7
2010/1/12,7,6
2010/1/11,6,7
2010/1/8,4,7
2010/1/7,17,8
2010/1/6,-15,8
2010/1/5,2,9
2010/1/4,57,11
2009/12/31,112,8
2009/12/30,44,7
2009/12/29,40,6
2009/12/28,31,6
2009/12/24,26,8
2009/12/23,36,7
2009/12/22,30,5
2009/12/21,34,4
2009/12/18,39,4
2009/12/17,39,3
2009/12/16,33,4
2009/12/15,40,4
2009/12/14,35,6
2009/12/11,30,5
2009/12/10,28,6
2009/12/9,17,5
2009/12/8,19,6
2009/12/7,6,8
2009/12/4,97,9
2009/12/3,168,10
2009/12/2,116,11
2009/12/1,244,11
2009/11/30,199,7
2009/11/27,122,6
2009/11/25,97,8
2009/11/24,82,8
2009/11/23,102,8
2009/11/20,110,6
2009/11/19,112,7
2009/11/18,99,10
2009/11/17,95,11
2009/11/16,95,12
2009/11/13,102,12
2009/11/12,109,8
2009/11/11,87,8
2009/11/10,81,9
2009/11/9,76,10
2009/11/6,77,6
2009/11/5,72,6
2009/11/4,0,5
2009/11/3,130,4
2009/11/2,181,4
2009/10/30,46,3
2009/10/29,9,8
2009/10/28,30,6
2009/10/27,22,9
2009/10/26,22,9
2009/10/23,5,10
2009/10/22,-2,12
2009/10/21,7,11
2009/10/20,0,14
2009/10/19,2,15
2009/10/16,0,14
2009/10/15,-1,17
2009/10/14,7,16
2009/10/13,5,15
2009/10/12,-1,19
2009/10/9,0,19
2009/10/8,-3,21
2009/10/7,-7,20
2009/10/6,-13,20
2009/10/5,17,18
2009/10/2,59,14
2009/10/1,205,15
2009/9/30,36,15
2009/9/29,16,15
2009/9/28,13,15
2009/9/25,19,14
2009/9/24,13,14
2009/9/23,-1,18
2009/9/22,-4,20
2009/9/21,-6,19
2009/9/18,9,16
2009/9/17,8,16
2009/9/16,4,17
2009/9/15,1,15
2009/9/14,8,14
2009/9/11,12,10
2009/9/10,4,10
2009/9/9,12,10
2009/9/8,19,9
2009/9/4,15,8
2009/9/3,22,7
2009/9/2,63,6
2009/9/1,77,7
2009/8/31,44,8
2009/8/28,19,9
2009/8/27,24,12
2009/8/26,24,13
2009/8/25,21,15
2009/8/24,20,13
2009/8/21,16,16
2009/8/20,18,13
2009/8/19,19,10
2009/8/18,17,9
2009/8/17,26,8
2009/8/14,1,14
2009/8/13,-10,13
2009/8/12,-8,14
2009/8/11,-10,9
2009/8/10,-13,11
2009/8/7,-7,9
2009/8/6,1,10
2009/8/5,-11,9
2009/8/4,6,11
2009/8/3,18,11
2009/7/31,17,13
2009/7/30,-7,13
2009/7/29,-16,12
2009/7/28,-23,15
2009/7/27,-27,14
2009/7/24,-20,13
2009/7/23,-24,15
2009/7/22,-27,13
2009/7/21,-28,12
2009/7/20,-21,14
2009/7/17,-10,8
2009/7/16,-6,9
2009/7/15,-6,10
2009/7/14,-5,8
2009/7/13,-5,5
2009/7/10,8,3
2009/7/9,9,7
2009/7/8,10,8
2009/7/7,15,5
2009/7/6,-1,7
2009/7/2,5,7
2009/7/1,4,14
2009/6/30,-16,15
2009/6/29,-16,18
2009/6/26,-21,13
2009/6/25,-16,10
2009/6/24,3,11
2009/6/23,11,11
2009/6/22,8,9
2009/6/19,-17,20
2009/6/18,-4,17
2009/6/17,-6,15
2009/6/16,5,17
2009/6/15,-5,23
2009/6/12,-11,25
2009/6/11,-17,26
2009/6/10,-12,30
2009/6/9,-16,31
2009/6/8,-14,39
2009/6/5,-19,38
2009/6/4,-21,38
2009/6/3,-14,31
2009/6/2,-25,36
2009/6/1,-21,35
2009/5/29,-24,25
2009/5/28,-17,20
2009/5/27,-17,17
2009/5/26,-21,18
2009/5/22,-19,19
2009/5/21,-7,15
2009/5/20,-20,16
2009/5/19,-23,15
2009/5/18,-23,15
2009/5/15,-12,7
2009/5/14,-15,7
2009/5/13,-17,6
2009/5/12,-27,10
2009/5/11,-24,4
2009/5/8,-24,7
2009/5/7,-25,7
2009/5/6,-29,11
2009/5/5,-31,8
2009/5/4,-51,10
2009/5/1,-41,6
2009/4/30,-36,3
2009/4/29,-43,0
2009/4/28,-40,1
2009/4/27,-39,3
2009/4/24,-49,4
2009/4/23,-44,3
2009/4/22,-36,0
2009/4/21,-40,6
2009/4/20,-42,-2
2009/4/17,-50,3
2009/4/16,-46,3
2009/4/15,-49,-2
2009/4/14,-48,-3
2009/4/13,-57,-3
2009/4/9,-57,-6
2009/4/8,-54,-9
2009/4/7,-47,-13
2009/4/6,-52,-10
2009/4/3,-55,-10
2009/4/2,-55,-8
2009/4/1,-51,-9
2009/3/31,-47,-8
2009/3/30,-23,-10
2009/3/27,-45,-6
2009/3/26,-41,-3
2009/3/25,-33,-7
2009/3/24,-32,-9
2009/3/23,-34,-7
2009/3/20,-10,-15
2009/3/19,-12,-14
2009/3/18,-26,-9
2009/3/17,-27,-12
2009/3/16,-10,-14
2009/3/13,-12,-16
2009/3/12,-17,-16
2009/3/11,-10,-21
2009/3/10,-6,-18
2009/3/9,4,-20
2009/3/6,-15,-22
2009/3/5,-7,-20
2009/3/4,-6,-13
2009/3/3,-6,-22
2009/3/2,-12,-21
2009/2/27,-9,-14
2009/2/26,-15,-12
2009/2/25,-13,-4
2009/2/24,-31,3
2009/2/23,7,-8
2009/2/20,-13,-10
2009/2/19,-15,-8
2009/2/18,2,-10
2009/2/17,-4,-13
2009/2/13,-11,-3
2009/2/12,-13,-7
2009/2/11,-8,-9
2009/2/10,12,-11
2009/2/9,-2,-4
2009/2/6,-3,-9
2009/2/5,-4,-16
2009/2/4,-45,-14
2009/2/3,-51,-13
2009/2/2,-46,-14
2009/1/30,-37,-11
2009/1/29,-43,-10
2009/1/28,-48,3
2009/1/27,-42,-4
2009/1/26,-40,-8
2009/1/23,-39,-7
2009/1/22,-41,-13
2009/1/21,-50,-15
2009/1/20,-33,-14
2009/1/16,-50,-10
2009/1/15,-42,-7
2009/1/14,-48,-16
2009/1/13,-54,-13
2009/1/12,-55,-3
2009/1/9,-62,-2
2009/1/8,-60,-8
2009/1/7,-62,-9
2009/1/6,-47,-12
2009/1/5,-71,-16
2009/1/2,-72,-16
2008/12/31,-74,-22
2008/12/30,-56,-24
2008/12/29,-61,-21
2008/12/26,-67,-28
2008/12/24,-61,-28
2008/12/23,-53,-27
2008/12/22,-55,-27
2008/12/19,-53,-26
2008/12/18,-42,-29
2008/12/17,-50,-25
2008/12/16,-40,-21
2008/12/15,-29,-28
2008/12/12,-27,-26
2008/12/11,-36,-30
2008/12/10,-23,-28
2008/12/9,-1,-28
2008/12/8,-18,-26
2008/12/5,-22,-31
2008/12/4,-37,-32
2008/12/3,-49,-30
2008/12/2,-43,-33
2008/12/1,-73,-36
2008/11/28,-47,-30
2008/11/26,-36,-32
2008/11/25,-29,-33
2008/11/24,6,-33
2008/11/21,31,-37
2008/11/20,11,-42
2008/11/19,0,-37
2008/11/18,-20,-33
2008/11/17,14,-33
2008/11/14,7,-32
2008/11/13,-35,-30
2008/11/12,-14,-34
2008/11/11,-9,-30
2008/11/10,-6,-29
2008/11/7,-5,-29
2008/11/6,33,-30
2008/11/5,9,-25
2008/11/4,15,-22
2008/11/3,27,-25
2008/10/31,9,-22
2008/10/30,122,-24
2008/10/29,167,-27
2008/10/28,131,-27
2008/10/27,202,-33
2008/10/24,210,-29
2008/10/23,181,-28
2008/10/22,172,-28
2008/10/21,71,-26
2008/10/20,107,-23
2008/10/17,171,-25
2008/10/16,235,-25
2008/10/15,276,-28
2008/10/14,167,-20
2008/10/13,153,-17
2008/10/10,319,-27
2008/10/9,264,-27
2008/10/8,189,-21
2008/10/7,208,-20
2008/10/6,175,-17
2008/10/3,137,-12
2008/10/2,152,-12
2008/10/1,91,-8
2008/9/30,94,-9
2008/9/29,146,-14
2008/9/26,90,-5
2008/9/25,69,-6
2008/9/24,79,-10
2008/9/23,72,-10
2008/9/22,65,-8
2008/9/19,63,-5
2008/9/18,68,-10
2008/9/17,80,-14
2008/9/16,47,-10
2008/9/15,66,-12
2008/9/12,24,-8
2008/9/11,13,-7
2008/9/10,22,-8
2008/9/9,22,-10
2008/9/8,-9,-7
2008/9/5,5,-9
2008/9/4,3,-12
2008/9/3,-5,-7
2008/9/2,-8,-7
2008/8/29,-21,-7
2008/8/28,-21,-7
2008/8/27,-21,-8
2008/8/26,-6,-9
2008/8/25,-4,-9
2008/8/22,-23,-6
2008/8/21,-22,-8
2008/8/20,-22,-8
2008/8/19,-20,-10
2008/8/18,-33,-10
2008/8/15,-37,-9
2008/8/14,-32,-9
2008/8/13,-21,-9
2008/8/12,-22,-8
2008/8/11,-18,-7
2008/8/8,-25,-7
2008/8/7,-18,-9
2008/8/6,-26,-7
2008/8/5,-13,-9
2008/8/4,-3,-11
2008/8/1,-16,-11
2008/7/31,-12,-10
2008/7/30,-2,-7
2008/7/29,-3,-9
2008/7/28,8,-12
2008/7/25,-1,-10
2008/7/24,10,-10
2008/7/23,-6,-7
2008/7/22,0,-7
2008/7/21,12,-9
2008/7/18,16,-9
2008/7/17,8,-8
2008/7/16,5,-9
2008/7/15,30,-9
2008/7/14,29,-8
2008/7/11,21,-7
2008/7/10,45,-8
2008/7/9,27,-8
2008/7/8,17,-7
2008/7/7,36,-9
2008/7/3,38,-8
2008/7/2,42,-8
2008/7/1,18,-6
2008/6/30,18,-7
2008/6/27,22,-3
2008/6/26,37,-2
2008/6/25,13,0
2008/6/24,30,-2
2008/6/23,37,-3
2008/6/20,42,-2
2008/6/19,33,1
2008/6/18,26,3
2008/6/17,16,2
2008/6/16,15,6
2008/6/13,6,6
2008/6/12,19,2
2008/6/11,21,2
2008/6/10,26,3
2008/6/9,20,7
2008/6/6,28,5
2008/6/5,-1,8
2008/6/4,-5,3
2008/6/3,-9,4
2008/6/2,-8,4
2008/5/30,-14,5
2008/5/29,-15,2
2008/5/28,-11,1
2008/5/27,-11,0
2008/5/23,-9,0
2008/5/22,-15,3
2008/5/21,-15,4
2008/5/20,-21,4
2008/5/19,-34,6
2008/5/16,-39,6
2008/5/15,-38,6
2008/5/14,-26,3
2008/5/13,-28,4
2008/5/12,-26,5
2008/5/9,-19,4
2008/5/8,-20,5
2008/5/7,-21,5
2008/5/6,-29,6
2008/5/5,-19,2
2008/5/2,-37,1
2008/5/1,-40,2
2008/4/30,-29,2
2008/4/29,-27,2
2008/4/28,-28,3
2008/4/25,-29,5
2008/4/24,-30,3
2008/4/23,-38,3
2008/4/22,-24,5
2008/4/21,-43,5
2008/4/18,-42,4
2008/4/17,-30,-1
2008/4/16,-30,-1
2008/4/15,-17,-6
2008/4/14,-25,-5
2008/4/11,-20,-6
2008/4/10,-26,-3
2008/4/9,-12,-3
2008/4/8,-17,-4
2008/4/7,-20,-3
2008/4/4,-20,-5
2008/4/3,-7,-5
2008/4/2,-2,-7
2008/4/1,-7,-7
2008/3/31,8,-10
2008/3/28,7,-12
2008/3/27,1,-11
2008/3/26,5,-10
2008/3/25,-3,-7
2008/3/24,0,-7
2008/3/20,3,-9
2008/3/19,22,-10
2008/3/18,-4,-9
2008/3/17,19,-14
2008/3/14,12,-13
2008/3/13,-3,-11
2008/3/12,-8,-14
2008/3/11,-8,-12
2008/3/10,19,-16
2008/3/7,20,-13
2008/3/6,8,-11
2008/3/5,-15,-9
2008/3/4,-10,-10
2008/3/3,-9,-9
2008/2/29,-14,-9
2008/2/28,-19,-4
2008/2/27,-26,-2
2008/2/26,-35,-4
2008/2/25,-21,-3
2008/2/22,-19,-6
2008/2/21,2,-6
2008/2/20,3,-7
2008/2/19,14,-7
2008/2/15,6,-8
2008/2/14,11,-9
2008/2/13,3,-5
2008/2/12,4,-7
2008/2/11,19,-9
2008/2/8,20,-10
2008/2/7,29,-12
2008/2/6,32,-12
2008/2/5,34,-11
2008/2/4,23,-8
2008/2/1,15,-10
2008/1/31,39,-10
2008/1/30,54,-12
2008/1/29,52,-11
2008/1/28,37,-11
2008/1/25,38,-12
2008/1/24,24,-11
2008/1/23,20,-11
2008/1/22,41,-13
2008/1/18,27,-14
2008/1/17,33,-13
2008/1/16,5,-11
2008/1/15,16,-11
2008/1/14,10,-9
2008/1/11,14,-10
2008/1/10,2,-9
2008/1/9,-1,-10
2008/1/8,7,-10
2008/1/7,2,-9
2008/1/4,-8,-8
2008/1/3,-16,-6
2008/1/2,-23,-6
2007/12/31,-34,-5
2007/12/28,-25,-3
2007/12/27,-32,-4
2007/12/26,-32,-2
2007/12/24,-35,-1
2007/12/21,-33,-2
2007/12/20,-31,-4
2007/12/19,-20,-4
2007/12/18,-10,-5
2007/12/17,-26,-5
2007/12/14,-24,-1
2007/12/13,-19,0
2007/12/12,-20,0
2007/12/11,7,0
2007/12/10,-20,3
2007/12/7,-14,4
2007/12/6,-12,4
2007/12/5,20,0
2007/12/4,6,-1
2007/12/3,11,-1
2007/11/30,8,0
2007/11/29,11,1
2007/11/28,13,0
2007/11/27,30,0
2007/11/26,35,-4
2007/11/23,10,-3
2007/11/21,49,-3
2007/11/20,36,-2
2007/11/19,32,-1
2007/11/16,33,1
2007/11/15,61,0
2007/11/14,38,4
2007/11/13,44,5
2007/11/12,99,1
2007/11/9,65,0
2007/11/8,55,1
2007/11/7,42,2
2007/11/6,9,1
2007/11/5,28,2
2007/11/2,32,3
2007/11/1,17,5
2007/10/31,-1,5
2007/10/30,16,4
2007/10/29,2,6
2007/10/26,-3,4
2007/10/25,9,4
2007/10/24,-1,2
2007/10/23,0,0
2007/10/22,5,0
2007/10/19,-17,-3
2007/10/18,-30,0
2007/10/17,-30,-1
2007/10/16,-25,0
2007/10/15,-30,0
2007/10/12,-41,1
2007/10/11,-34,0
2007/10/10,-36,1
2007/10/9,-40,3
2007/10/8,-28,3
2007/10/5,-33,2
2007/10/4,-34,1
2007/10/3,-29,1
2007/10/2,-38,1
2007/10/1,-33,2
2007/9/28,-18,2
2007/9/27,-30,2
2007/9/26,-28,1
2007/9/25,-32,2
2007/9/24,-32,1
2007/9/21,-41,2
2007/9/20,-40,0
2007/9/19,-41,1
2007/9/18,-33,-1
2007/9/17,-4,-4
2007/9/14,-16,-3
2007/9/13,-11,-3
2007/9/12,15,-3
2007/9/11,15,-1
2007/9/10,18,-4
2007/9/7,0,-4
2007/9/6,10,-1
2007/9/5,3,-3
2007/9/4,-8,-3
2007/8/31,7,-4
2007/8/30,1,-5
2007/8/29,13,-4
2007/8/28,50,-6
2007/8/27,23,-3
2007/8/24,25,-2
2007/8/23,37,-3
2007/8/22,55,-4
2007/8/21,64,-5
2007/8/20,76,-5
2007/8/17,101,-5
2007/8/16,118,-7
2007/8/15,112,-7
2007/8/14,73,-5
2007/8/13,53,-3
2007/8/10,92,-3
2007/8/9,85,-3
2007/8/8,38,-1
2007/8/7,46,-2
2007/8/6,50,-3
2007/8/3,60,-5
2007/8/2,37,-2
2007/8/1,51,-2
2007/7/31,25,-2
2007/7/30,28,-1
2007/7/27,59,-2
2007/7/26,51,-1
2007/7/25,24,2
2007/7/24,48,2
2007/7/23,25,4
2007/7/20,22,3
2007/7/19,10,6
2007/7/18,7,5
2007/7/17,-9,5
2007/7/16,4,6
2007/7/13,0,7
2007/7/12,-12,7
2007/7/11,13,6
2007/7/10,32,4
2007/7/9,15,6
2007/7/6,14,6
2007/7/5,20,6
2007/7/3,18,6
2007/7/2,15,7
2007/6/29,24,6
2007/6/28,11,6
2007/6/27,19,6
2007/6/26,49,4
2007/6/25,28,4
2007/6/22,26,5
2007/6/21,5,6
2007/6/20,10,5
2007/6/19,-10,9
2007/6/18,-5,9
2007/6/15,6,11
2007/6/14,-1,9
2007/6/13,15,9
2007/6/12,28,8
2007/6/11,13,7
2007/6/8,16,7
2007/6/7,32,6
2007/6/6,13,9
2007/6/5,0,10
2007/6/4,-9,12
2007/6/1,3,11
2007/5/31,1,9
2007/5/30,-4,9
2007/5/29,1,9
2007/5/25,1,5
2007/5/24,16,4
2007/5/23,3,5
2007/5/22,2,5
2007/5/21,6,4
2007/5/18,3,5
2007/5/17,7,4
2007/5/16,2,4
2007/5/15,0,4
2007/5/14,7,5
2007/5/11,-5,5
2007/5/10,0,3
2007/5/9,-7,4
2007/5/8,-6,4
2007/5/7,-14,4
2007/5/4,-16,4
2007/5/3,-17,4
2007/5/2,-16,4
2007/5/1,-3,4
2007/4/30,6,4
2007/4/27,-7,5
2007/4/26,-4,5
2007/4/25,5,4
2007/4/24,-5,4
2007/4/23,-15,4
2007/4/20,-32,4
2007/4/19,-27,3
2007/4/18,-32,3
2007/4/17,-37,3
2007/4/16,-17,3
2007/4/13,-16,2
2007/4/12,-13,2
2007/4/11,-14,2
2007/4/10,-23,2
2007/4/9,-36,2
2007/4/5,-31,2
2007/4/4,-18,2
2007/4/3,-14,1
2007/4/2,-21,0
2007/3/30,35,0
2007/3/29,47,0
2007/3/28,52,0
2007/3/27,36,1
2007/3/26,31,1
2007/3/23,32,1
2007/3/22,29,1
2007/3/21,22,1
2007/3/20,32,-1
2007/3/19,29,-1
2007/3/16,58,-2
2007/3/15,65,-1
2007/3/14,76,-2
2007/3/13,80,-2
2007/3/12,37,0
2007/3/9,45,-1
2007/3/8,43,0
2007/3/7,52,0
2007/3/6,51,0
2007/3/5,80,-2
2007/3/2,74,0
2007/3/1,46,2
2007/2/28,62,0
2007/2/27,82,0
2007/2/26,2,3
2007/2/23,1,4
2007/2/22,-7,4
2007/2/21,-5,4
2007/2/20,-6,5
2007/2/16,-2,5
2007/2/15,-7,5
2007/2/14,-13,5
2007/2/13,-15,5
2007/2/12,-4,3
2007/2/9,-10,4
2007/2/8,-11,5
2007/2/7,-16,6
2007/2/6,-8,6
2007/2/5,-4,6
2007/2/2,-5,5
2007/2/1,-8,5
2007/1/31,-8,4
2007/1/30,5,3
2007/1/29,13,3
2007/1/26,10,3
2007/1/25,7,3
2007/1/24,-1,5
2007/1/23,5,4
2007/1/22,6,4
2007/1/19,-2,5
2007/1/18,2,4
2007/1/17,-12,5
2007/1/16,-16,5
2007/1/12,-10,6
2007/1/11,-3,5
2007/1/10,3,5
2007/1/9,2,5
2007/1/8,10,4
2007/1/5,14,4
2007/1/4,-1,6
2007/1/3,-2,6
2006/12/29,8,6
2006/12/28,8,6
2006/12/27,7,7
2006/12/26,13,6
2006/12/22,14,6
2006/12/21,4,8
2006/12/20,-1,8
2006/12/19,-3,8
2006/12/18,-4,8
2006/12/15,-9,8
2006/12/14,-11,8
2006/12/13,-6,7
2006/12/12,-5,7
2006/12/11,-5,8
2006/12/8,6,8
2006/12/7,9,8
2006/12/6,-3,9
2006/12/5,0,9
2006/12/4,0,7
2006/12/1,9,7
2006/11/30,5,7
2006/11/29,2,7
2006/11/28,8,6
2006/11/27,12,6
2006/11/24,0,8
2006/11/22,-8,8
2006/11/21,-14,9
2006/11/20,-16,8
2006/11/17,-10,8
2006/11/16,-7,8
2006/11/15,-8,8
2006/11/14,-11,8
2006/11/13,-7,8
2006/11/10,-9,9
2006/11/9,-6,9
2006/11/8,-11,9
2006/11/7,-8,9
2006/11/6,-11,8
2006/11/3,-12,7
2006/11/2,-4,7
2006/11/1,-1,7
2006/10/31,-4,8
2006/10/30,-4,8
2006/10/27,-13,8
2006/10/26,-19,9
2006/10/25,-16,9
2006/10/24,-7,9
2006/10/23,-10,9
2006/10/20,-11,9
2006/10/19,-9,10
2006/10/18,-4,9
2006/10/17,3,8
2006/10/16,-9,11
2006/10/13,-20,11
2006/10/12,-18,10
2006/10/11,-18,9
2006/10/10,-18,7
2006/10/9,-8,6
2006/10/6,-6,7
2006/10/5,-5,7
2006/10/4,-3,6
2006/10/3,1,5
2006/10/2,5,4
2006/9/29,-4,5
2006/9/28,-7,5
2006/9/27,-8,7
2006/9/26,-6,8
2006/9/25,-1,6
2006/9/22,9,6
2006/9/21,0,6
2006/9/20,-9,6
2006/9/19,-11,6
2006/9/18,-19,7
2006/9/15,-20,5
2006/9/14,-21,5
2006/9/13,-28,7
2006/9/12,-23,7
2006/9/11,-15,5
2006/9/8,-8,4
2006/9/7,-3,3
2006/9/6,-4,4
2006/9/5,-18,4
2006/9/1,-20,4
2006/8/31,-13,1
2006/8/30,-19,1
2006/8/29,-17,3
2006/8/28,-19,3
2006/8/25,-18,1
2006/8/24,-31,2
2006/8/23,-25,3
2006/8/22,-23,3
2006/8/21,-33,3
2006/8/18,-40,3
2006/8/17,-34,3
2006/8/16,-32,2
2006/8/15,-8,0
2006/8/14,11,-2
2006/8/11,4,-2
2006/8/10,5,-3
2006/8/9,14,-4
2006/8/8,10,-4
2006/8/7,19,-4
2006/8/4,11,-4
2006/8/3,13,-2
2006/8/2,-9,-2
2006/8/1,-8,-3
2006/7/31,-4,-2
2006/7/28,-11,-2
2006/7/27,-6,-4
2006/7/26,-6,-3
2006/7/25,-12,-3
2006/7/24,-17,-4
2006/7/21,3,-5
2006/7/20,3,-5
2006/7/19,-29,-4
2006/7/18,-26,-5
2006/7/17,-10,-4
2006/7/14,2,-4
2006/7/13,-1,-4
2006/7/12,-18,-2
2006/7/11,-24,-2
2006/7/10,-15,-2
2006/7/7,0,-3
2006/7/6,-8,-3
2006/7/5,-13,-3
2006/7/3,-30,-1
2006/6/30,-6,-2
2006/6/29,-15,-2
2006/6/28,-7,-4
2006/6/27,-8,-4
2006/6/26,-10,-4
2006/6/23,-5,-4
2006/6/22,-5,-4
2006/6/21,-2,-4
2006/6/20,31,-4
2006/6/19,38,-5
2006/6/16,26,-4
2006/6/15,33,-4
2006/6/14,97,-6
2006/6/13,117,-6
2006/6/12,89,-4
2006/6/9,66,-2
2006/6/8,63,-1
2006/6/7,56,-2
2006/6/6,51,-1
2006/6/5,35,-1
2006/6/2,28,0
2006/6/1,31,0
2006/5/31,46,-2
2006/5/30,65,-2
2006/5/26,25,-1
2006/5/25,39,-1
2006/5/24,57,-2
2006/5/23,70,-3
2006/5/22,62,-2
2006/5/19,40,-2
2006/5/18,41,-2
2006/5/17,30,-1
2006/5/16,3,1
2006/5/15,12,3
2006/5/12,17,2
2006/5/11,10,3
2006/5/10,6,5
2006/5/9,7,6
2006/5/8,2,5
2006/5/5,0,5
2006/5/4,4,3
2006/5/3,11,2
2006/5/2,4,3
2006/5/1,14,2
2006/4/28,4,2
2006/4/27,7,3
2006/4/26,6,3
2006/4/25,2,3
2006/4/24,1,3
2006/4/21,-3,4
2006/4/20,-2,2
2006/4/19,1,3
2006/4/18,7,2
2006/4/17,12,0
2006/4/13,5,0
2006/4/12,1,0
2006/4/11,6,0
2006/4/10,-4,1
2006/4/7,-4,1
2006/4/6,-5,3
2006/4/5,-5,3
2006/4/4,-4,3
2006/4/3,-6,4
2006/3/31,1,3
2006/3/30,1,3
2006/3/29,-8,4
2006/3/28,-1,2
2006/3/27,-8,3
2006/3/24,-7,3
2006/3/23,-2,3
2006/3/22,-10,4
2006/3/21,-6,2
2006/3/20,-13,3
2006/3/17,-8,3
2006/3/16,-10,3
2006/3/15,-13,3
2006/3/14,-23,3
2006/3/13,-13,2
2006/3/10,-9,2
2006/3/9,-3,1
2006/3/8,0,1
2006/3/7,-1,1
2006/3/6,6,1
2006/3/3,2,3
2006/3/2,-4,2
2006/3/1,-9,3
2006/2/28,-6,1
2006/2/27,-18,2
2006/2/24,-22,2
2006/2/23,0,3
2006/2/22,-3,4
2006/2/21,6,3
2006/2/17,8,5
2006/2/16,4,5
2006/2/15,15,4
2006/2/14,16,3
2006/2/13,24,3
2006/2/10,20,4
2006/2/9,18,4
2006/2/8,15,4
2006/2/7,25,3
2006/2/6,10,4
2006/2/3,14,4
2006/2/2,19,6
2006/2/1,10,6
2006/1/31,29,7
2006/1/30,21,9
2006/1/27,11,8
2006/1/26,12,6
2006/1/25,15,6
2006/1/24,27,7
2006/1/23,33,7
2006/1/20,42,6
2006/1/19,8,9
2006/1/18,7,7
2006/1/17,2,8
2006/1/13,-9,9
2006/1/12,-9,9
2006/1/11,-6,9
2006/1/10,-7,9
2006/1/9,1,8
2006/1/6,-4,8
2006/1/5,-7,7
2006/1/4,-2,5
2006/1/3,-4,3
2005/12/30,15,2
2005/12/29,9,2
2005/12/28,9,3
2005/12/27,9,3
2005/12/23,-8,4
2005/12/22,-9,4
2005/12/21,-13,4
2005/12/20,-9,4
2005/12/19,-7,3
2005/12/16,-9,3
2005/12/15,-11,3
2005/12/14,-20,4
2005/12/13,-17,3
2005/12/12,-14,2
2005/12/9,-13,1
2005/12/8,-7,1
2005/12/7,-11,2
2005/12/6,-24,2
2005/12/5,-26,2
2005/12/2,-24,4
2005/12/1,-31,4
2005/11/30,-19,2
2005/11/29,-21,4
2005/11/28,-22,4
2005/11/25,-36,5
2005/11/23,-36,4
2005/11/22,-24,4
2005/11/21,-33,3
2005/11/18,-27,2
2005/11/17,-27,2
2005/11/16,-28,1
2005/11/15,-27,1
2005/11/14,-24,1
2005/11/11,-27,0
2005/11/10,-19,0
2005/11/9,-15,-1
2005/11/8,-10,-1
2005/11/7,0,-1
2005/11/4,8,0
2005/11/3,12,0
2005/11/2,15,-2
2005/11/1,21,-3
2005/10/31,25,-3
2005/10/28,13,-3
2005/10/27,29,-4
2005/10/26,13,-4
2005/10/25,8,-3
2005/10/24,21,-3
2005/10/21,41,-4
2005/10/20,53,-5
2005/10/19,13,-3
2005/10/18,26,-5
2005/10/17,25,-3
2005/10/14,36,-3
2005/10/13,47,-4
2005/10/12,33,-4
2005/10/11,32,-3
2005/10/10,27,-3
2005/10/7,11,-2
2005/10/6,17,-2
2005/10/5,20,0
2005/10/4,-1,2
2005/10/3,-6,2
2005/9/30,-12,3
2005/9/29,-10,3
2005/9/28,-10,1
2005/9/27,-3,1
2005/9/26,-1,2
2005/9/23,-1,2
2005/9/22,1,1
2005/9/21,6,0
2005/9/20,-5,1
2005/9/19,1,1
2005/9/16,-11,2
2005/9/15,3,1
2005/9/14,6,2
2005/9/13,2,2
2005/9/12,-12,3
2005/9/9,-4,4
2005/9/8,5,3
2005/9/7,8,3
2005/9/6,13,3
2005/9/2,13,2
2005/9/1,20,2
2005/8/31,26,1
2005/8/30,37,0
2005/8/29,27,2
2005/8/26,28,1
2005/8/25,35,1
2005/8/24,33,2
2005/8/23,35,2
2005/8/22,31,2
2005/8/19,27,3
2005/8/18,33,2
2005/8/17,26,3
2005/8/16,27,4
2005/8/15,13,6
2005/8/12,14,7
2005/8/11,8,7
2005/8/10,-2,5
2005/8/9,0,6
2005/8/8,13,4
2005/8/5,9,5
2005/8/4,2,5
2005/8/3,0,6
2005/8/2,1,7
2005/8/1,-1,6
2005/7/29,-7,7
2005/7/28,-15,9
2005/7/27,-6,7
2005/7/26,-1,7
2005/7/25,-3,6
2005/7/22,-8,7
2005/7/21,-1,6
2005/7/20,-11,9
2005/7/19,-12,7
2005/7/18,-8,7
2005/7/15,-14,7
2005/7/14,-11,6
2005/7/13,-15,4
2005/7/12,-12,3
2005/7/11,-8,3
2005/7/8,-6,3
2005/7/7,8,1
2005/7/6,0,1
2005/7/5,-12,2
2005/7/1,-3,2
2005/6/30,2,2
2005/6/29,-6,2
2005/6/28,-8,2
2005/6/27,-1,2
2005/6/24,-6,2
2005/6/23,-8,3
2005/6/22,-20,3
2005/6/21,-25,4
2005/6/20,-29,3
2005/6/17,-32,2
2005/6/16,-33,2
2005/6/15,-22,2
2005/6/14,-22,1
2005/6/13,-15,0
2005/6/10,-15,0
2005/6/9,-14,-1
2005/6/8,-8,-1
2005/6/7,-16,-2
2005/6/6,-20,-2
2005/6/3,-21,-2
2005/6/2,-31,-1
2005/6/1,-16,-1
2005/5/31,-11,-1
2005/5/27,-18,0
2005/5/26,-22,-1
2005/5/25,-13,-1
2005/5/24,-27,0
2005/5/23,-15,1
2005/5/20,-22,-1
2005/5/19,-27,-1
2005/5/18,-6,-2
2005/5/17,11,-3
2005/5/16,44,-3
2005/5/13,42,-4
2005/5/12,32,-3
2005/5/11,21,-2
2005/5/10,17,-3
2005/5/9,2,-2
2005/5/6,2,-3
2005/5/5,-1,-1
2005/5/4,1,-1
2005/5/3,11,-2
2005/5/2,7,-2
2005/4/29,14,-1
2005/4/28,30,-3
2005/4/27,8,-2
2005/4/26,7,-1
2005/4/25,10,0
2005/4/22,22,-1
2005/4/21,12,-1
2005/4/20,32,-4
2005/4/19,19,-4
2005/4/18,42,-3
2005/4/15,47,-3
2005/4/14,22,-2
2005/4/13,9,-1
2005/4/12,-6,0
2005/4/11,2,0
2005/4/8,10,-1
2005/4/7,-2,1
2005/4/6,9,0
2005/4/5,15,-2
2005/4/4,21,-3
2005/4/1,32,-3
2005/3/31,25,-3
2005/3/30,12,-3
2005/3/29,13,-3
2005/3/28,27,-3
2005/3/24,18,-3
2005/3/23,32,-3
2005/3/22,32,-2
2005/3/21,22,-1
2005/3/18,18,-1
2005/3/17,17,-1
2005/3/16,14,-1
2005/3/15,15,0
2005/3/14,6,2
2005/3/11,16,1
2005/3/10,5,2
2005/3/9,9,3
2005/3/8,1,2
2005/3/7,-7,3
2005/3/4,-12,3
2005/3/3,-3,2
2005/3/2,-8,3
2005/3/1,-14,3
2005/2/28,-19,2
2005/2/25,-22,2
2005/2/24,-17,2
2005/2/23,-6,1
2005/2/22,7,1
2005/2/18,-10,2
2005/2/17,-9,2
2005/2/16,-12,3
2005/2/15,-16,2
2005/2/14,-13,2
2005/2/11,-16,3
2005/2/10,-15,3
2005/2/9,-15,2
2005/2/8,-17,3
2005/2/7,-16,3
2005/2/4,-14,4
2005/2/3,-3,4
2005/2/2,3,5
2005/2/1,4,5
2005/1/31,9,5
2005/1/28,22,4
2005/1/27,20,4
2005/1/26,20,6
2005/1/25,22,7
2005/1/24,26,6
2005/1/21,21,6
2005/1/20,15,6
2005/1/19,6,7
2005/1/18,0,7
2005/1/14,-2,7
2005/1/13,1,7
2005/1/12,-5,7
2005/1/11,-4,5
2005/1/10,1,6
2005/1/7,5,6
2005/1/6,5,5
2005/1/5,10,4
2005/1/4,5,5
2005/1/3,5,6
2004/12/31,2,7
2004/12/30,-3,9
2004/12/29,-11,9
2004/12/28,-10,9
2004/12/27,-12,9
2004/12/23,-15,9
2004/12/22,-15,9
2004/12/21,-14,8
2004/12/20,-12,6
2004/12/17,-11,6
2004/12/16,-8,7
2004/12/15,-9,7
2004/12/14,-9,7
2004/12/13,-11,6
2004/12/10,-9,6
2004/12/9,-10,6
2004/12/8,-9,6
2004/12/7,-18,5
2004/12/6,-20,6
2004/12/3,-24,7
2004/12/2,-19,6
2004/12/1,-22,8
